user_id,name
105,HIV PROGRAM
1159,HIV PROGRAM
1308,HIV PROGRAM
1412,HIV PROGRAM
1434,HIV PROGRAM
1486,HIV PROGRAM
1436,HIV PROGRAM
1520,HIV PROGRAM
1504,HIV PROGRAM
1421,HIV PROGRAM
142,HIV PROGRAM
1529,HIV PROGRAM
1,HIV PROGRAM
1324,HIV PROGRAM
105,TB PROGRAM
1159,TB PROGRAM
1313,TB PROGRAM
1412,TB PROGRAM
1486,TB PROGRAM
1520,TB PROGRAM
1504,TB PROGRAM
105,VHW PROGRAM
1159,VHW PROGRAM
1486,VHW PROGRAM
1520,VHW PROGRAM
1504,VHW PROGRAM
105,EARLY INFANT DIAGNOSIS PROGRAM
1159,EARLY INFANT DIAGNOSIS PROGRAM
1412,EARLY INFANT DIAGNOSIS PROGRAM
1486,EARLY INFANT DIAGNOSIS PROGRAM
1520,EARLY INFANT DIAGNOSIS PROGRAM
1504,EARLY INFANT DIAGNOSIS PROGRAM
105,MDR-TB PROGRAM
1159,MDR-TB PROGRAM
1520,MDR-TB PROGRAM
1504,MDR-TB PROGRAM
105,KAPOSIS SARCOMA PROGRAM
1159,KAPOSIS SARCOMA PROGRAM
1412,KAPOSIS SARCOMA PROGRAM
1520,KAPOSIS SARCOMA PROGRAM
1504,KAPOSIS SARCOMA PROGRAM
1159,CHRONIC CARE PROGRAM
1520,CHRONIC CARE PROGRAM
1504,CHRONIC CARE PROGRAM
1159,MATERNITY PROGRAM
1338,MATERNITY PROGRAM
117,MATERNITY PROGRAM
1389,MATERNITY PROGRAM
1412,MATERNITY PROGRAM
143,MATERNITY PROGRAM
1436,MATERNITY PROGRAM
1520,MATERNITY PROGRAM
1504,MATERNITY PROGRAM
292,MATERNITY PROGRAM
144,ANC PROGRAM
1159,ANC PROGRAM
1338,ANC PROGRAM
117,ANC PROGRAM
1308,ANC PROGRAM
1371,ANC PROGRAM
143,ANC PROGRAM
1520,ANC PROGRAM
1504,ANC PROGRAM
292,ANC PROGRAM
25,ANC PROGRAM
1324,ANC PROGRAM
1159,DIABETES PROGRAM
1338,DIABETES PROGRAM
1436,DIABETES PROGRAM
1520,DIABETES PROGRAM
1504,DIABETES PROGRAM
29,OPD Program
31,OPD Program
32,OPD Program
38,OPD Program
50,OPD Program
54,OPD Program
64,OPD Program
71,OPD Program
74,OPD Program
88,OPD Program
40,OPD Program
43,OPD Program
47,OPD Program
60,OPD Program
93,OPD Program
94,OPD Program
73,OPD Program
91,OPD Program
34,OPD Program
39,OPD Program
42,OPD Program
46,OPD Program
49,OPD Program
56,OPD Program
67,OPD Program
87,OPD Program
41,OPD Program
62,OPD Program
65,OPD Program
95,OPD Program
102,OPD Program
80,OPD Program
101,OPD Program
69,OPD Program
66,OPD Program
97,OPD Program
98,OPD Program
99,OPD Program
103,OPD Program
105,OPD Program
106,OPD Program
107,OPD Program
108,OPD Program
109,OPD Program
111,OPD Program
112,OPD Program
113,OPD Program
114,OPD Program
115,OPD Program
116,OPD Program
110,OPD Program
118,OPD Program
89,OPD Program
36,OPD Program
96,OPD Program
100,OPD Program
72,OPD Program
144,OPD Program
660,OPD Program
1159,OPD Program
26,OPD Program
414,OPD Program
420,OPD Program
415,OPD Program
418,OPD Program
1325,OPD Program
1326,OPD Program
1327,OPD Program
1328,OPD Program
1329,OPD Program
1330,OPD Program
1331,OPD Program
1332,OPD Program
1333,OPD Program
1334,OPD Program
1335,OPD Program
1338,OPD Program
1339,OPD Program
1340,OPD Program
85,OPD Program
1341,OPD Program
1343,OPD Program
1345,OPD Program
1344,OPD Program
1337,OPD Program
61,OPD Program
427,OPD Program
1346,OPD Program
1347,OPD Program
1336,OPD Program
1348,OPD Program
1358,OPD Program
1368,OPD Program
70,OPD Program
83,OPD Program
1378,OPD Program
48,OPD Program
68,OPD Program
53,OPD Program
55,OPD Program
125,OPD Program
138,OPD Program
59,OPD Program
124,OPD Program
225,OPD Program
81,OPD Program
1379,OPD Program
1380,OPD Program
1381,OPD Program
1384,OPD Program
1383,OPD Program
1342,OPD Program
1382,OPD Program
51,OPD Program
117,OPD Program
35,OPD Program
78,OPD Program
58,OPD Program
82,OPD Program
44,OPD Program
1387,OPD Program
1388,OPD Program
1385,OPD Program
1389,OPD Program
63,OPD Program
324,OPD Program
84,OPD Program
90,OPD Program
86,OPD Program
77,OPD Program
52,OPD Program
75,OPD Program
76,OPD Program
79,OPD Program
45,OPD Program
92,OPD Program
37,OPD Program
1391,OPD Program
1392,OPD Program
1308,OPD Program
329,OPD Program
1359,OPD Program
1361,OPD Program
1360,OPD Program
1412,OPD Program
1371,OPD Program
33,OPD Program
1428,OPD Program
1365,OPD Program
1427,OPD Program
1430,OPD Program
1433,OPD Program
1434,OPD Program
1438,OPD Program
1442,OPD Program
1374,OPD Program
1435,OPD Program
1445,OPD Program
1449,OPD Program
1450,OPD Program
1451,OPD Program
1453,OPD Program
1446,OPD Program
1447,OPD Program
1455,OPD Program
1425,OPD Program
1460,OPD Program
1461,OPD Program
1462,OPD Program
1464,OPD Program
1465,OPD Program
1459,OPD Program
1468,OPD Program
1469,OPD Program
1367,OPD Program
1476,OPD Program
1467,OPD Program
1399,OPD Program
1483,OPD Program
1484,OPD Program
1485,OPD Program
1486,OPD Program
143,OPD Program
57,OPD Program
1491,OPD Program
1492,OPD Program
1495,OPD Program
1496,OPD Program
1497,OPD Program
1424,OPD Program
1437,OPD Program
1401,OPD Program
1400,OPD Program
1480,OPD Program
1490,OPD Program
1448,OPD Program
1500,OPD Program
1452,OPD Program
1402,OPD Program
1501,OPD Program
1505,OPD Program
1507,OPD Program
1463,OPD Program
1508,OPD Program
1429,OPD Program
1511,OPD Program
1466,OPD Program
1512,OPD Program
104,OPD Program
1436,OPD Program
1440,OPD Program
1520,OPD Program
1504,OPD Program
1421,OPD Program
1522,OPD Program
1366,OPD Program
1431,OPD Program
1372,OPD Program
1523,OPD Program
1482,OPD Program
1422,OPD Program
1498,OPD Program
1528,OPD Program
1479,OPD Program
1423,OPD Program
1535,OPD Program
1541,OPD Program
1543,OPD Program
1534,OPD Program
1545,OPD Program
1549,OPD Program
1551,OPD Program
1544,OPD Program
1548,OPD Program
1539,OPD Program
1553,OPD Program
1556,OPD Program
1557,OPD Program
119,OPD Program
1558,OPD Program
1559,OPD Program
1538,OPD Program
1560,OPD Program
1561,OPD Program
1562,OPD Program
1563,OPD Program
1546,OPD Program
1531,OPD Program
292,OPD Program
1315,OPD Program
1542,OPD Program
1564,OPD Program
1552,OPD Program
1555,OPD Program
1566,OPD Program
142,OPD Program
1529,OPD Program
1567,OPD Program
1568,OPD Program
1540,OPD Program
1537,OPD Program
1536,OPD Program
1565,OPD Program
1571,OPD Program
1573,OPD Program
1530,OPD Program
1574,OPD Program
1576,OPD Program
1577,OPD Program
1575,OPD Program
1578,OPD Program
1580,OPD Program
1579,OPD Program
1532,OPD Program
1581,OPD Program
1582,OPD Program
1583,OPD Program
1584,OPD Program
1554,OPD Program
28,OPD Program
1572,OPD Program
1,OPD Program
1547,OPD Program
25,OPD Program
1585,OPD Program
1310,OPD Program
1586,OPD Program
1550,OPD Program
30,OPD Program
141,OPD Program
1587,OPD Program
1533,OPD Program
1588,OPD Program
1324,OPD Program
1159,IPD Program
1412,IPD Program
1520,IPD Program
1504,IPD Program
1159,UNDER 5 PROGRAM
1338,UNDER 5 PROGRAM
1520,UNDER 5 PROGRAM
1504,UNDER 5 PROGRAM
1159,CIVIL REGISTRATION PROGRAM
1520,CIVIL REGISTRATION PROGRAM
1504,CIVIL REGISTRATION PROGRAM
672,HTC PROGRAM
1159,HTC PROGRAM
1412,HTC PROGRAM
1520,HTC PROGRAM
1504,HTC PROGRAM
1159,ANC CONNECT PROGRAM
1338,ANC CONNECT PROGRAM
1371,ANC CONNECT PROGRAM
1520,ANC CONNECT PROGRAM
1504,ANC CONNECT PROGRAM
1159,HYPERTENSION PROGRAM
1520,HYPERTENSION PROGRAM
1504,HYPERTENSION PROGRAM
1159,VMMC PROGRAM
1520,VMMC PROGRAM
1504,VMMC PROGRAM
1159,IPT Program
1520,IPT Program
1504,IPT Program
1159,Laboratory program
1486,Laboratory program
1520,Laboratory program
1504,Laboratory program
1159,CxCa program
1486,CxCa program
1520,CxCa program
1504,CxCa program
1159,Triage Program
1308,Triage Program
1520,Triage Program
1504,Triage Program
1159,RADIOLOGY PROGRAM
1520,RADIOLOGY PROGRAM
1504,RADIOLOGY PROGRAM
1159,PATIENT REGISTRATION PROGRAM
1520,PATIENT REGISTRATION PROGRAM
1504,PATIENT REGISTRATION PROGRAM
144,AETC PROGRAM
660,AETC PROGRAM
137,AETC PROGRAM
1159,AETC PROGRAM
1368,AETC PROGRAM
1308,AETC PROGRAM
143,AETC PROGRAM
1520,AETC PROGRAM
1504,AETC PROGRAM
119,AETC PROGRAM
292,AETC PROGRAM
30,AETC PROGRAM
1159,SPINE PROGRAM
1520,SPINE PROGRAM
1504,SPINE PROGRAM
1159,NCD PROGRAM
414,NCD PROGRAM
420,NCD PROGRAM
415,NCD PROGRAM
418,NCD PROGRAM
1325,NCD PROGRAM
1326,NCD PROGRAM
1327,NCD PROGRAM
1328,NCD PROGRAM
1329,NCD PROGRAM
1330,NCD PROGRAM
1331,NCD PROGRAM
1332,NCD PROGRAM
1333,NCD PROGRAM
1334,NCD PROGRAM
1335,NCD PROGRAM
1338,NCD PROGRAM
1339,NCD PROGRAM
1340,NCD PROGRAM
85,NCD PROGRAM
1341,NCD PROGRAM
1343,NCD PROGRAM
1345,NCD PROGRAM
1344,NCD PROGRAM
1337,NCD PROGRAM
61,NCD PROGRAM
427,NCD PROGRAM
1346,NCD PROGRAM
1347,NCD PROGRAM
1336,NCD PROGRAM
1348,NCD PROGRAM
1362,NCD PROGRAM
1369,NCD PROGRAM
1370,NCD PROGRAM
1358,NCD PROGRAM
1368,NCD PROGRAM
1380,NCD PROGRAM
1342,NCD PROGRAM
117,NCD PROGRAM
44,NCD PROGRAM
1385,NCD PROGRAM
1391,NCD PROGRAM
1392,NCD PROGRAM
1359,NCD PROGRAM
1403,NCD PROGRAM
1361,NCD PROGRAM
1404,NCD PROGRAM
1398,NCD PROGRAM
1406,NCD PROGRAM
1360,NCD PROGRAM
1407,NCD PROGRAM
1412,NCD PROGRAM
1417,NCD PROGRAM
1418,NCD PROGRAM
1420,NCD PROGRAM
1376,NCD PROGRAM
1419,NCD PROGRAM
1371,NCD PROGRAM
1428,NCD PROGRAM
1365,NCD PROGRAM
1427,NCD PROGRAM
1430,NCD PROGRAM
1433,NCD PROGRAM
1434,NCD PROGRAM
1438,NCD PROGRAM
1442,NCD PROGRAM
1374,NCD PROGRAM
1435,NCD PROGRAM
1445,NCD PROGRAM
1410,NCD PROGRAM
1449,NCD PROGRAM
1450,NCD PROGRAM
1451,NCD PROGRAM
1408,NCD PROGRAM
1453,NCD PROGRAM
1446,NCD PROGRAM
1447,NCD PROGRAM
1454,NCD PROGRAM
1455,NCD PROGRAM
1457,NCD PROGRAM
1456,NCD PROGRAM
1458,NCD PROGRAM
1425,NCD PROGRAM
1460,NCD PROGRAM
1461,NCD PROGRAM
1462,NCD PROGRAM
1464,NCD PROGRAM
1465,NCD PROGRAM
1459,NCD PROGRAM
1468,NCD PROGRAM
1469,NCD PROGRAM
1471,NCD PROGRAM
1367,NCD PROGRAM
1476,NCD PROGRAM
1467,NCD PROGRAM
1409,NCD PROGRAM
713,NCD PROGRAM
1399,NCD PROGRAM
1483,NCD PROGRAM
1484,NCD PROGRAM
1485,NCD PROGRAM
1486,NCD PROGRAM
1487,NCD PROGRAM
1488,NCD PROGRAM
57,NCD PROGRAM
1491,NCD PROGRAM
1492,NCD PROGRAM
1489,NCD PROGRAM
1494,NCD PROGRAM
1495,NCD PROGRAM
1496,NCD PROGRAM
1497,NCD PROGRAM
1424,NCD PROGRAM
1437,NCD PROGRAM
1499,NCD PROGRAM
1401,NCD PROGRAM
1400,NCD PROGRAM
1480,NCD PROGRAM
1490,NCD PROGRAM
1448,NCD PROGRAM
1500,NCD PROGRAM
1452,NCD PROGRAM
1402,NCD PROGRAM
1501,NCD PROGRAM
1502,NCD PROGRAM
1503,NCD PROGRAM
1505,NCD PROGRAM
1506,NCD PROGRAM
1507,NCD PROGRAM
1463,NCD PROGRAM
1508,NCD PROGRAM
1510,NCD PROGRAM
1429,NCD PROGRAM
1511,NCD PROGRAM
1466,NCD PROGRAM
1512,NCD PROGRAM
1441,NCD PROGRAM
1363,NCD PROGRAM
1439,NCD PROGRAM
1472,NCD PROGRAM
1481,NCD PROGRAM
1517,NCD PROGRAM
1518,NCD PROGRAM
1436,NCD PROGRAM
1519,NCD PROGRAM
1440,NCD PROGRAM
1520,NCD PROGRAM
1504,NCD PROGRAM
1521,NCD PROGRAM
1421,NCD PROGRAM
1513,NCD PROGRAM
1514,NCD PROGRAM
1516,NCD PROGRAM
1475,NCD PROGRAM
1474,NCD PROGRAM
1522,NCD PROGRAM
1366,NCD PROGRAM
1431,NCD PROGRAM
1372,NCD PROGRAM
1364,NCD PROGRAM
1478,NCD PROGRAM
1523,NCD PROGRAM
1509,NCD PROGRAM
1482,NCD PROGRAM
1493,NCD PROGRAM
1422,NCD PROGRAM
1524,NCD PROGRAM
1525,NCD PROGRAM
1526,NCD PROGRAM
1527,NCD PROGRAM
1411,NCD PROGRAM
1498,NCD PROGRAM
1528,NCD PROGRAM
1479,NCD PROGRAM
1423,NCD PROGRAM
1535,NCD PROGRAM
1541,NCD PROGRAM
1543,NCD PROGRAM
1534,NCD PROGRAM
1545,NCD PROGRAM
1549,NCD PROGRAM
1551,NCD PROGRAM
1544,NCD PROGRAM
1548,NCD PROGRAM
1539,NCD PROGRAM
1553,NCD PROGRAM
1556,NCD PROGRAM
1557,NCD PROGRAM
119,NCD PROGRAM
1558,NCD PROGRAM
1559,NCD PROGRAM
1538,NCD PROGRAM
1560,NCD PROGRAM
1561,NCD PROGRAM
1562,NCD PROGRAM
1563,NCD PROGRAM
1546,NCD PROGRAM
1531,NCD PROGRAM
292,NCD PROGRAM
1315,NCD PROGRAM
1542,NCD PROGRAM
1564,NCD PROGRAM
1552,NCD PROGRAM
1555,NCD PROGRAM
1566,NCD PROGRAM
142,NCD PROGRAM
1529,NCD PROGRAM
1567,NCD PROGRAM
1569,NCD PROGRAM
1473,NCD PROGRAM
1515,NCD PROGRAM
1570,NCD PROGRAM
1432,NCD PROGRAM
1540,NCD PROGRAM
1537,NCD PROGRAM
1536,NCD PROGRAM
1565,NCD PROGRAM
1571,NCD PROGRAM
1573,NCD PROGRAM
1530,NCD PROGRAM
1574,NCD PROGRAM
1576,NCD PROGRAM
1577,NCD PROGRAM
1575,NCD PROGRAM
1578,NCD PROGRAM
1532,NCD PROGRAM
1581,NCD PROGRAM
1554,NCD PROGRAM
1443,NCD PROGRAM
1444,NCD PROGRAM
1426,NCD PROGRAM
1572,NCD PROGRAM
1,NCD PROGRAM
1547,NCD PROGRAM
25,NCD PROGRAM
1585,NCD PROGRAM
1310,NCD PROGRAM
1550,NCD PROGRAM
30,NCD PROGRAM
141,NCD PROGRAM
1587,NCD PROGRAM
1533,NCD PROGRAM
1588,NCD PROGRAM
1324,NCD PROGRAM
146,IMMUNIZATION PROGRAM
147,IMMUNIZATION PROGRAM
148,IMMUNIZATION PROGRAM
149,IMMUNIZATION PROGRAM
153,IMMUNIZATION PROGRAM
154,IMMUNIZATION PROGRAM
155,IMMUNIZATION PROGRAM
156,IMMUNIZATION PROGRAM
157,IMMUNIZATION PROGRAM
158,IMMUNIZATION PROGRAM
159,IMMUNIZATION PROGRAM
160,IMMUNIZATION PROGRAM
161,IMMUNIZATION PROGRAM
162,IMMUNIZATION PROGRAM
163,IMMUNIZATION PROGRAM
165,IMMUNIZATION PROGRAM
164,IMMUNIZATION PROGRAM
166,IMMUNIZATION PROGRAM
167,IMMUNIZATION PROGRAM
168,IMMUNIZATION PROGRAM
170,IMMUNIZATION PROGRAM
171,IMMUNIZATION PROGRAM
175,IMMUNIZATION PROGRAM
177,IMMUNIZATION PROGRAM
178,IMMUNIZATION PROGRAM
179,IMMUNIZATION PROGRAM
181,IMMUNIZATION PROGRAM
182,IMMUNIZATION PROGRAM
183,IMMUNIZATION PROGRAM
185,IMMUNIZATION PROGRAM
186,IMMUNIZATION PROGRAM
188,IMMUNIZATION PROGRAM
189,IMMUNIZATION PROGRAM
190,IMMUNIZATION PROGRAM
191,IMMUNIZATION PROGRAM
193,IMMUNIZATION PROGRAM
197,IMMUNIZATION PROGRAM
198,IMMUNIZATION PROGRAM
199,IMMUNIZATION PROGRAM
201,IMMUNIZATION PROGRAM
205,IMMUNIZATION PROGRAM
206,IMMUNIZATION PROGRAM
207,IMMUNIZATION PROGRAM
210,IMMUNIZATION PROGRAM
213,IMMUNIZATION PROGRAM
214,IMMUNIZATION PROGRAM
216,IMMUNIZATION PROGRAM
217,IMMUNIZATION PROGRAM
218,IMMUNIZATION PROGRAM
219,IMMUNIZATION PROGRAM
220,IMMUNIZATION PROGRAM
222,IMMUNIZATION PROGRAM
223,IMMUNIZATION PROGRAM
226,IMMUNIZATION PROGRAM
227,IMMUNIZATION PROGRAM
228,IMMUNIZATION PROGRAM
229,IMMUNIZATION PROGRAM
231,IMMUNIZATION PROGRAM
232,IMMUNIZATION PROGRAM
233,IMMUNIZATION PROGRAM
234,IMMUNIZATION PROGRAM
235,IMMUNIZATION PROGRAM
237,IMMUNIZATION PROGRAM
238,IMMUNIZATION PROGRAM
239,IMMUNIZATION PROGRAM
240,IMMUNIZATION PROGRAM
241,IMMUNIZATION PROGRAM
243,IMMUNIZATION PROGRAM
244,IMMUNIZATION PROGRAM
245,IMMUNIZATION PROGRAM
246,IMMUNIZATION PROGRAM
247,IMMUNIZATION PROGRAM
248,IMMUNIZATION PROGRAM
249,IMMUNIZATION PROGRAM
250,IMMUNIZATION PROGRAM
252,IMMUNIZATION PROGRAM
253,IMMUNIZATION PROGRAM
254,IMMUNIZATION PROGRAM
255,IMMUNIZATION PROGRAM
251,IMMUNIZATION PROGRAM
260,IMMUNIZATION PROGRAM
261,IMMUNIZATION PROGRAM
264,IMMUNIZATION PROGRAM
265,IMMUNIZATION PROGRAM
266,IMMUNIZATION PROGRAM
271,IMMUNIZATION PROGRAM
275,IMMUNIZATION PROGRAM
276,IMMUNIZATION PROGRAM
277,IMMUNIZATION PROGRAM
282,IMMUNIZATION PROGRAM
283,IMMUNIZATION PROGRAM
285,IMMUNIZATION PROGRAM
287,IMMUNIZATION PROGRAM
288,IMMUNIZATION PROGRAM
289,IMMUNIZATION PROGRAM
290,IMMUNIZATION PROGRAM
291,IMMUNIZATION PROGRAM
259,IMMUNIZATION PROGRAM
294,IMMUNIZATION PROGRAM
192,IMMUNIZATION PROGRAM
257,IMMUNIZATION PROGRAM
145,IMMUNIZATION PROGRAM
296,IMMUNIZATION PROGRAM
297,IMMUNIZATION PROGRAM
299,IMMUNIZATION PROGRAM
300,IMMUNIZATION PROGRAM
301,IMMUNIZATION PROGRAM
302,IMMUNIZATION PROGRAM
303,IMMUNIZATION PROGRAM
89,IMMUNIZATION PROGRAM
36,IMMUNIZATION PROGRAM
304,IMMUNIZATION PROGRAM
96,IMMUNIZATION PROGRAM
305,IMMUNIZATION PROGRAM
306,IMMUNIZATION PROGRAM
308,IMMUNIZATION PROGRAM
309,IMMUNIZATION PROGRAM
310,IMMUNIZATION PROGRAM
312,IMMUNIZATION PROGRAM
316,IMMUNIZATION PROGRAM
328,IMMUNIZATION PROGRAM
330,IMMUNIZATION PROGRAM
334,IMMUNIZATION PROGRAM
337,IMMUNIZATION PROGRAM
346,IMMUNIZATION PROGRAM
348,IMMUNIZATION PROGRAM
350,IMMUNIZATION PROGRAM
354,IMMUNIZATION PROGRAM
356,IMMUNIZATION PROGRAM
357,IMMUNIZATION PROGRAM
318,IMMUNIZATION PROGRAM
321,IMMUNIZATION PROGRAM
358,IMMUNIZATION PROGRAM
333,IMMUNIZATION PROGRAM
359,IMMUNIZATION PROGRAM
361,IMMUNIZATION PROGRAM
362,IMMUNIZATION PROGRAM
317,IMMUNIZATION PROGRAM
363,IMMUNIZATION PROGRAM
364,IMMUNIZATION PROGRAM
365,IMMUNIZATION PROGRAM
366,IMMUNIZATION PROGRAM
322,IMMUNIZATION PROGRAM
367,IMMUNIZATION PROGRAM
369,IMMUNIZATION PROGRAM
335,IMMUNIZATION PROGRAM
368,IMMUNIZATION PROGRAM
371,IMMUNIZATION PROGRAM
372,IMMUNIZATION PROGRAM
373,IMMUNIZATION PROGRAM
375,IMMUNIZATION PROGRAM
376,IMMUNIZATION PROGRAM
374,IMMUNIZATION PROGRAM
377,IMMUNIZATION PROGRAM
378,IMMUNIZATION PROGRAM
379,IMMUNIZATION PROGRAM
380,IMMUNIZATION PROGRAM
381,IMMUNIZATION PROGRAM
383,IMMUNIZATION PROGRAM
384,IMMUNIZATION PROGRAM
385,IMMUNIZATION PROGRAM
386,IMMUNIZATION PROGRAM
387,IMMUNIZATION PROGRAM
388,IMMUNIZATION PROGRAM
390,IMMUNIZATION PROGRAM
391,IMMUNIZATION PROGRAM
392,IMMUNIZATION PROGRAM
393,IMMUNIZATION PROGRAM
394,IMMUNIZATION PROGRAM
395,IMMUNIZATION PROGRAM
396,IMMUNIZATION PROGRAM
397,IMMUNIZATION PROGRAM
398,IMMUNIZATION PROGRAM
399,IMMUNIZATION PROGRAM
400,IMMUNIZATION PROGRAM
401,IMMUNIZATION PROGRAM
402,IMMUNIZATION PROGRAM
404,IMMUNIZATION PROGRAM
406,IMMUNIZATION PROGRAM
409,IMMUNIZATION PROGRAM
410,IMMUNIZATION PROGRAM
411,IMMUNIZATION PROGRAM
412,IMMUNIZATION PROGRAM
413,IMMUNIZATION PROGRAM
417,IMMUNIZATION PROGRAM
419,IMMUNIZATION PROGRAM
421,IMMUNIZATION PROGRAM
423,IMMUNIZATION PROGRAM
424,IMMUNIZATION PROGRAM
428,IMMUNIZATION PROGRAM
430,IMMUNIZATION PROGRAM
431,IMMUNIZATION PROGRAM
432,IMMUNIZATION PROGRAM
434,IMMUNIZATION PROGRAM
435,IMMUNIZATION PROGRAM
437,IMMUNIZATION PROGRAM
438,IMMUNIZATION PROGRAM
439,IMMUNIZATION PROGRAM
440,IMMUNIZATION PROGRAM
187,IMMUNIZATION PROGRAM
441,IMMUNIZATION PROGRAM
100,IMMUNIZATION PROGRAM
443,IMMUNIZATION PROGRAM
444,IMMUNIZATION PROGRAM
315,IMMUNIZATION PROGRAM
445,IMMUNIZATION PROGRAM
446,IMMUNIZATION PROGRAM
389,IMMUNIZATION PROGRAM
447,IMMUNIZATION PROGRAM
448,IMMUNIZATION PROGRAM
273,IMMUNIZATION PROGRAM
450,IMMUNIZATION PROGRAM
451,IMMUNIZATION PROGRAM
452,IMMUNIZATION PROGRAM
454,IMMUNIZATION PROGRAM
457,IMMUNIZATION PROGRAM
458,IMMUNIZATION PROGRAM
464,IMMUNIZATION PROGRAM
466,IMMUNIZATION PROGRAM
468,IMMUNIZATION PROGRAM
469,IMMUNIZATION PROGRAM
470,IMMUNIZATION PROGRAM
471,IMMUNIZATION PROGRAM
472,IMMUNIZATION PROGRAM
473,IMMUNIZATION PROGRAM
474,IMMUNIZATION PROGRAM
475,IMMUNIZATION PROGRAM
476,IMMUNIZATION PROGRAM
477,IMMUNIZATION PROGRAM
478,IMMUNIZATION PROGRAM
479,IMMUNIZATION PROGRAM
480,IMMUNIZATION PROGRAM
481,IMMUNIZATION PROGRAM
482,IMMUNIZATION PROGRAM
483,IMMUNIZATION PROGRAM
484,IMMUNIZATION PROGRAM
485,IMMUNIZATION PROGRAM
486,IMMUNIZATION PROGRAM
487,IMMUNIZATION PROGRAM
488,IMMUNIZATION PROGRAM
489,IMMUNIZATION PROGRAM
490,IMMUNIZATION PROGRAM
492,IMMUNIZATION PROGRAM
494,IMMUNIZATION PROGRAM
495,IMMUNIZATION PROGRAM
496,IMMUNIZATION PROGRAM
497,IMMUNIZATION PROGRAM
498,IMMUNIZATION PROGRAM
499,IMMUNIZATION PROGRAM
500,IMMUNIZATION PROGRAM
501,IMMUNIZATION PROGRAM
502,IMMUNIZATION PROGRAM
503,IMMUNIZATION PROGRAM
504,IMMUNIZATION PROGRAM
505,IMMUNIZATION PROGRAM
506,IMMUNIZATION PROGRAM
508,IMMUNIZATION PROGRAM
509,IMMUNIZATION PROGRAM
510,IMMUNIZATION PROGRAM
407,IMMUNIZATION PROGRAM
511,IMMUNIZATION PROGRAM
513,IMMUNIZATION PROGRAM
515,IMMUNIZATION PROGRAM
516,IMMUNIZATION PROGRAM
518,IMMUNIZATION PROGRAM
519,IMMUNIZATION PROGRAM
520,IMMUNIZATION PROGRAM
521,IMMUNIZATION PROGRAM
522,IMMUNIZATION PROGRAM
459,IMMUNIZATION PROGRAM
512,IMMUNIZATION PROGRAM
453,IMMUNIZATION PROGRAM
467,IMMUNIZATION PROGRAM
455,IMMUNIZATION PROGRAM
449,IMMUNIZATION PROGRAM
462,IMMUNIZATION PROGRAM
517,IMMUNIZATION PROGRAM
514,IMMUNIZATION PROGRAM
461,IMMUNIZATION PROGRAM
151,IMMUNIZATION PROGRAM
528,IMMUNIZATION PROGRAM
529,IMMUNIZATION PROGRAM
530,IMMUNIZATION PROGRAM
531,IMMUNIZATION PROGRAM
532,IMMUNIZATION PROGRAM
533,IMMUNIZATION PROGRAM
534,IMMUNIZATION PROGRAM
535,IMMUNIZATION PROGRAM
536,IMMUNIZATION PROGRAM
539,IMMUNIZATION PROGRAM
442,IMMUNIZATION PROGRAM
540,IMMUNIZATION PROGRAM
542,IMMUNIZATION PROGRAM
543,IMMUNIZATION PROGRAM
544,IMMUNIZATION PROGRAM
546,IMMUNIZATION PROGRAM
547,IMMUNIZATION PROGRAM
548,IMMUNIZATION PROGRAM
549,IMMUNIZATION PROGRAM
550,IMMUNIZATION PROGRAM
551,IMMUNIZATION PROGRAM
553,IMMUNIZATION PROGRAM
554,IMMUNIZATION PROGRAM
557,IMMUNIZATION PROGRAM
558,IMMUNIZATION PROGRAM
559,IMMUNIZATION PROGRAM
560,IMMUNIZATION PROGRAM
561,IMMUNIZATION PROGRAM
562,IMMUNIZATION PROGRAM
563,IMMUNIZATION PROGRAM
564,IMMUNIZATION PROGRAM
565,IMMUNIZATION PROGRAM
566,IMMUNIZATION PROGRAM
567,IMMUNIZATION PROGRAM
568,IMMUNIZATION PROGRAM
569,IMMUNIZATION PROGRAM
571,IMMUNIZATION PROGRAM
572,IMMUNIZATION PROGRAM
574,IMMUNIZATION PROGRAM
575,IMMUNIZATION PROGRAM
576,IMMUNIZATION PROGRAM
577,IMMUNIZATION PROGRAM
578,IMMUNIZATION PROGRAM
579,IMMUNIZATION PROGRAM
580,IMMUNIZATION PROGRAM
581,IMMUNIZATION PROGRAM
582,IMMUNIZATION PROGRAM
583,IMMUNIZATION PROGRAM
584,IMMUNIZATION PROGRAM
586,IMMUNIZATION PROGRAM
589,IMMUNIZATION PROGRAM
591,IMMUNIZATION PROGRAM
592,IMMUNIZATION PROGRAM
593,IMMUNIZATION PROGRAM
570,IMMUNIZATION PROGRAM
523,IMMUNIZATION PROGRAM
587,IMMUNIZATION PROGRAM
590,IMMUNIZATION PROGRAM
595,IMMUNIZATION PROGRAM
599,IMMUNIZATION PROGRAM
600,IMMUNIZATION PROGRAM
601,IMMUNIZATION PROGRAM
602,IMMUNIZATION PROGRAM
603,IMMUNIZATION PROGRAM
608,IMMUNIZATION PROGRAM
610,IMMUNIZATION PROGRAM
611,IMMUNIZATION PROGRAM
612,IMMUNIZATION PROGRAM
614,IMMUNIZATION PROGRAM
615,IMMUNIZATION PROGRAM
616,IMMUNIZATION PROGRAM
617,IMMUNIZATION PROGRAM
618,IMMUNIZATION PROGRAM
620,IMMUNIZATION PROGRAM
621,IMMUNIZATION PROGRAM
624,IMMUNIZATION PROGRAM
626,IMMUNIZATION PROGRAM
627,IMMUNIZATION PROGRAM
628,IMMUNIZATION PROGRAM
629,IMMUNIZATION PROGRAM
630,IMMUNIZATION PROGRAM
632,IMMUNIZATION PROGRAM
319,IMMUNIZATION PROGRAM
633,IMMUNIZATION PROGRAM
634,IMMUNIZATION PROGRAM
635,IMMUNIZATION PROGRAM
636,IMMUNIZATION PROGRAM
637,IMMUNIZATION PROGRAM
639,IMMUNIZATION PROGRAM
641,IMMUNIZATION PROGRAM
642,IMMUNIZATION PROGRAM
643,IMMUNIZATION PROGRAM
605,IMMUNIZATION PROGRAM
646,IMMUNIZATION PROGRAM
596,IMMUNIZATION PROGRAM
647,IMMUNIZATION PROGRAM
622,IMMUNIZATION PROGRAM
613,IMMUNIZATION PROGRAM
598,IMMUNIZATION PROGRAM
609,IMMUNIZATION PROGRAM
607,IMMUNIZATION PROGRAM
606,IMMUNIZATION PROGRAM
491,IMMUNIZATION PROGRAM
236,IMMUNIZATION PROGRAM
463,IMMUNIZATION PROGRAM
209,IMMUNIZATION PROGRAM
645,IMMUNIZATION PROGRAM
648,IMMUNIZATION PROGRAM
649,IMMUNIZATION PROGRAM
242,IMMUNIZATION PROGRAM
507,IMMUNIZATION PROGRAM
650,IMMUNIZATION PROGRAM
588,IMMUNIZATION PROGRAM
652,IMMUNIZATION PROGRAM
653,IMMUNIZATION PROGRAM
654,IMMUNIZATION PROGRAM
657,IMMUNIZATION PROGRAM
72,IMMUNIZATION PROGRAM
405,IMMUNIZATION PROGRAM
180,IMMUNIZATION PROGRAM
661,IMMUNIZATION PROGRAM
662,IMMUNIZATION PROGRAM
269,IMMUNIZATION PROGRAM
663,IMMUNIZATION PROGRAM
664,IMMUNIZATION PROGRAM
665,IMMUNIZATION PROGRAM
670,IMMUNIZATION PROGRAM
631,IMMUNIZATION PROGRAM
671,IMMUNIZATION PROGRAM
673,IMMUNIZATION PROGRAM
311,IMMUNIZATION PROGRAM
422,IMMUNIZATION PROGRAM
433,IMMUNIZATION PROGRAM
674,IMMUNIZATION PROGRAM
173,IMMUNIZATION PROGRAM
676,IMMUNIZATION PROGRAM
677,IMMUNIZATION PROGRAM
679,IMMUNIZATION PROGRAM
680,IMMUNIZATION PROGRAM
683,IMMUNIZATION PROGRAM
686,IMMUNIZATION PROGRAM
685,IMMUNIZATION PROGRAM
340,IMMUNIZATION PROGRAM
353,IMMUNIZATION PROGRAM
351,IMMUNIZATION PROGRAM
349,IMMUNIZATION PROGRAM
345,IMMUNIZATION PROGRAM
344,IMMUNIZATION PROGRAM
342,IMMUNIZATION PROGRAM
341,IMMUNIZATION PROGRAM
339,IMMUNIZATION PROGRAM
338,IMMUNIZATION PROGRAM
336,IMMUNIZATION PROGRAM
332,IMMUNIZATION PROGRAM
326,IMMUNIZATION PROGRAM
323,IMMUNIZATION PROGRAM
135,IMMUNIZATION PROGRAM
133,IMMUNIZATION PROGRAM
132,IMMUNIZATION PROGRAM
131,IMMUNIZATION PROGRAM
129,IMMUNIZATION PROGRAM
128,IMMUNIZATION PROGRAM
121,IMMUNIZATION PROGRAM
136,IMMUNIZATION PROGRAM
688,IMMUNIZATION PROGRAM
689,IMMUNIZATION PROGRAM
691,IMMUNIZATION PROGRAM
693,IMMUNIZATION PROGRAM
694,IMMUNIZATION PROGRAM
658,IMMUNIZATION PROGRAM
695,IMMUNIZATION PROGRAM
696,IMMUNIZATION PROGRAM
697,IMMUNIZATION PROGRAM
698,IMMUNIZATION PROGRAM
122,IMMUNIZATION PROGRAM
295,IMMUNIZATION PROGRAM
355,IMMUNIZATION PROGRAM
169,IMMUNIZATION PROGRAM
144,IMMUNIZATION PROGRAM
681,IMMUNIZATION PROGRAM
684,IMMUNIZATION PROGRAM
660,IMMUNIZATION PROGRAM
343,IMMUNIZATION PROGRAM
425,IMMUNIZATION PROGRAM
699,IMMUNIZATION PROGRAM
130,IMMUNIZATION PROGRAM
426,IMMUNIZATION PROGRAM
184,IMMUNIZATION PROGRAM
460,IMMUNIZATION PROGRAM
687,IMMUNIZATION PROGRAM
263,IMMUNIZATION PROGRAM
120,IMMUNIZATION PROGRAM
134,IMMUNIZATION PROGRAM
701,IMMUNIZATION PROGRAM
703,IMMUNIZATION PROGRAM
702,IMMUNIZATION PROGRAM
704,IMMUNIZATION PROGRAM
706,IMMUNIZATION PROGRAM
707,IMMUNIZATION PROGRAM
708,IMMUNIZATION PROGRAM
709,IMMUNIZATION PROGRAM
203,IMMUNIZATION PROGRAM
279,IMMUNIZATION PROGRAM
360,IMMUNIZATION PROGRAM
710,IMMUNIZATION PROGRAM
716,IMMUNIZATION PROGRAM
717,IMMUNIZATION PROGRAM
718,IMMUNIZATION PROGRAM
722,IMMUNIZATION PROGRAM
723,IMMUNIZATION PROGRAM
725,IMMUNIZATION PROGRAM
668,IMMUNIZATION PROGRAM
736,IMMUNIZATION PROGRAM
737,IMMUNIZATION PROGRAM
738,IMMUNIZATION PROGRAM
739,IMMUNIZATION PROGRAM
741,IMMUNIZATION PROGRAM
742,IMMUNIZATION PROGRAM
743,IMMUNIZATION PROGRAM
746,IMMUNIZATION PROGRAM
748,IMMUNIZATION PROGRAM
751,IMMUNIZATION PROGRAM
745,IMMUNIZATION PROGRAM
734,IMMUNIZATION PROGRAM
755,IMMUNIZATION PROGRAM
714,IMMUNIZATION PROGRAM
757,IMMUNIZATION PROGRAM
760,IMMUNIZATION PROGRAM
761,IMMUNIZATION PROGRAM
764,IMMUNIZATION PROGRAM
765,IMMUNIZATION PROGRAM
767,IMMUNIZATION PROGRAM
770,IMMUNIZATION PROGRAM
771,IMMUNIZATION PROGRAM
772,IMMUNIZATION PROGRAM
773,IMMUNIZATION PROGRAM
774,IMMUNIZATION PROGRAM
775,IMMUNIZATION PROGRAM
779,IMMUNIZATION PROGRAM
780,IMMUNIZATION PROGRAM
782,IMMUNIZATION PROGRAM
783,IMMUNIZATION PROGRAM
785,IMMUNIZATION PROGRAM
786,IMMUNIZATION PROGRAM
788,IMMUNIZATION PROGRAM
789,IMMUNIZATION PROGRAM
762,IMMUNIZATION PROGRAM
791,IMMUNIZATION PROGRAM
787,IMMUNIZATION PROGRAM
286,IMMUNIZATION PROGRAM
545,IMMUNIZATION PROGRAM
792,IMMUNIZATION PROGRAM
768,IMMUNIZATION PROGRAM
796,IMMUNIZATION PROGRAM
797,IMMUNIZATION PROGRAM
794,IMMUNIZATION PROGRAM
798,IMMUNIZATION PROGRAM
799,IMMUNIZATION PROGRAM
801,IMMUNIZATION PROGRAM
802,IMMUNIZATION PROGRAM
804,IMMUNIZATION PROGRAM
806,IMMUNIZATION PROGRAM
807,IMMUNIZATION PROGRAM
808,IMMUNIZATION PROGRAM
809,IMMUNIZATION PROGRAM
811,IMMUNIZATION PROGRAM
814,IMMUNIZATION PROGRAM
812,IMMUNIZATION PROGRAM
815,IMMUNIZATION PROGRAM
817,IMMUNIZATION PROGRAM
818,IMMUNIZATION PROGRAM
204,IMMUNIZATION PROGRAM
824,IMMUNIZATION PROGRAM
784,IMMUNIZATION PROGRAM
573,IMMUNIZATION PROGRAM
800,IMMUNIZATION PROGRAM
826,IMMUNIZATION PROGRAM
176,IMMUNIZATION PROGRAM
172,IMMUNIZATION PROGRAM
813,IMMUNIZATION PROGRAM
827,IMMUNIZATION PROGRAM
416,IMMUNIZATION PROGRAM
828,IMMUNIZATION PROGRAM
829,IMMUNIZATION PROGRAM
720,IMMUNIZATION PROGRAM
721,IMMUNIZATION PROGRAM
719,IMMUNIZATION PROGRAM
830,IMMUNIZATION PROGRAM
831,IMMUNIZATION PROGRAM
832,IMMUNIZATION PROGRAM
838,IMMUNIZATION PROGRAM
839,IMMUNIZATION PROGRAM
842,IMMUNIZATION PROGRAM
843,IMMUNIZATION PROGRAM
408,IMMUNIZATION PROGRAM
845,IMMUNIZATION PROGRAM
850,IMMUNIZATION PROGRAM
854,IMMUNIZATION PROGRAM
857,IMMUNIZATION PROGRAM
860,IMMUNIZATION PROGRAM
862,IMMUNIZATION PROGRAM
863,IMMUNIZATION PROGRAM
866,IMMUNIZATION PROGRAM
867,IMMUNIZATION PROGRAM
868,IMMUNIZATION PROGRAM
869,IMMUNIZATION PROGRAM
861,IMMUNIZATION PROGRAM
864,IMMUNIZATION PROGRAM
873,IMMUNIZATION PROGRAM
875,IMMUNIZATION PROGRAM
876,IMMUNIZATION PROGRAM
878,IMMUNIZATION PROGRAM
879,IMMUNIZATION PROGRAM
880,IMMUNIZATION PROGRAM
881,IMMUNIZATION PROGRAM
882,IMMUNIZATION PROGRAM
883,IMMUNIZATION PROGRAM
886,IMMUNIZATION PROGRAM
888,IMMUNIZATION PROGRAM
889,IMMUNIZATION PROGRAM
890,IMMUNIZATION PROGRAM
893,IMMUNIZATION PROGRAM
894,IMMUNIZATION PROGRAM
896,IMMUNIZATION PROGRAM
897,IMMUNIZATION PROGRAM
898,IMMUNIZATION PROGRAM
899,IMMUNIZATION PROGRAM
870,IMMUNIZATION PROGRAM
902,IMMUNIZATION PROGRAM
903,IMMUNIZATION PROGRAM
904,IMMUNIZATION PROGRAM
905,IMMUNIZATION PROGRAM
619,IMMUNIZATION PROGRAM
908,IMMUNIZATION PROGRAM
909,IMMUNIZATION PROGRAM
910,IMMUNIZATION PROGRAM
911,IMMUNIZATION PROGRAM
912,IMMUNIZATION PROGRAM
913,IMMUNIZATION PROGRAM
914,IMMUNIZATION PROGRAM
915,IMMUNIZATION PROGRAM
917,IMMUNIZATION PROGRAM
918,IMMUNIZATION PROGRAM
906,IMMUNIZATION PROGRAM
924,IMMUNIZATION PROGRAM
925,IMMUNIZATION PROGRAM
927,IMMUNIZATION PROGRAM
928,IMMUNIZATION PROGRAM
929,IMMUNIZATION PROGRAM
930,IMMUNIZATION PROGRAM
931,IMMUNIZATION PROGRAM
932,IMMUNIZATION PROGRAM
933,IMMUNIZATION PROGRAM
934,IMMUNIZATION PROGRAM
937,IMMUNIZATION PROGRAM
938,IMMUNIZATION PROGRAM
939,IMMUNIZATION PROGRAM
940,IMMUNIZATION PROGRAM
941,IMMUNIZATION PROGRAM
942,IMMUNIZATION PROGRAM
943,IMMUNIZATION PROGRAM
944,IMMUNIZATION PROGRAM
945,IMMUNIZATION PROGRAM
946,IMMUNIZATION PROGRAM
948,IMMUNIZATION PROGRAM
949,IMMUNIZATION PROGRAM
950,IMMUNIZATION PROGRAM
951,IMMUNIZATION PROGRAM
953,IMMUNIZATION PROGRAM
954,IMMUNIZATION PROGRAM
955,IMMUNIZATION PROGRAM
874,IMMUNIZATION PROGRAM
900,IMMUNIZATION PROGRAM
901,IMMUNIZATION PROGRAM
957,IMMUNIZATION PROGRAM
958,IMMUNIZATION PROGRAM
959,IMMUNIZATION PROGRAM
963,IMMUNIZATION PROGRAM
965,IMMUNIZATION PROGRAM
966,IMMUNIZATION PROGRAM
969,IMMUNIZATION PROGRAM
956,IMMUNIZATION PROGRAM
961,IMMUNIZATION PROGRAM
970,IMMUNIZATION PROGRAM
278,IMMUNIZATION PROGRAM
971,IMMUNIZATION PROGRAM
936,IMMUNIZATION PROGRAM
947,IMMUNIZATION PROGRAM
973,IMMUNIZATION PROGRAM
960,IMMUNIZATION PROGRAM
920,IMMUNIZATION PROGRAM
974,IMMUNIZATION PROGRAM
919,IMMUNIZATION PROGRAM
975,IMMUNIZATION PROGRAM
968,IMMUNIZATION PROGRAM
976,IMMUNIZATION PROGRAM
978,IMMUNIZATION PROGRAM
979,IMMUNIZATION PROGRAM
980,IMMUNIZATION PROGRAM
983,IMMUNIZATION PROGRAM
987,IMMUNIZATION PROGRAM
988,IMMUNIZATION PROGRAM
991,IMMUNIZATION PROGRAM
992,IMMUNIZATION PROGRAM
993,IMMUNIZATION PROGRAM
995,IMMUNIZATION PROGRAM
996,IMMUNIZATION PROGRAM
999,IMMUNIZATION PROGRAM
1000,IMMUNIZATION PROGRAM
1002,IMMUNIZATION PROGRAM
1003,IMMUNIZATION PROGRAM
964,IMMUNIZATION PROGRAM
997,IMMUNIZATION PROGRAM
977,IMMUNIZATION PROGRAM
1004,IMMUNIZATION PROGRAM
1005,IMMUNIZATION PROGRAM
1006,IMMUNIZATION PROGRAM
1007,IMMUNIZATION PROGRAM
885,IMMUNIZATION PROGRAM
730,IMMUNIZATION PROGRAM
735,IMMUNIZATION PROGRAM
1008,IMMUNIZATION PROGRAM
846,IMMUNIZATION PROGRAM
849,IMMUNIZATION PROGRAM
834,IMMUNIZATION PROGRAM
872,IMMUNIZATION PROGRAM
281,IMMUNIZATION PROGRAM
262,IMMUNIZATION PROGRAM
1009,IMMUNIZATION PROGRAM
1010,IMMUNIZATION PROGRAM
1012,IMMUNIZATION PROGRAM
728,IMMUNIZATION PROGRAM
926,IMMUNIZATION PROGRAM
758,IMMUNIZATION PROGRAM
856,IMMUNIZATION PROGRAM
803,IMMUNIZATION PROGRAM
922,IMMUNIZATION PROGRAM
962,IMMUNIZATION PROGRAM
972,IMMUNIZATION PROGRAM
935,IMMUNIZATION PROGRAM
916,IMMUNIZATION PROGRAM
1013,IMMUNIZATION PROGRAM
840,IMMUNIZATION PROGRAM
853,IMMUNIZATION PROGRAM
851,IMMUNIZATION PROGRAM
855,IMMUNIZATION PROGRAM
871,IMMUNIZATION PROGRAM
835,IMMUNIZATION PROGRAM
1014,IMMUNIZATION PROGRAM
1015,IMMUNIZATION PROGRAM
1011,IMMUNIZATION PROGRAM
1017,IMMUNIZATION PROGRAM
1018,IMMUNIZATION PROGRAM
1019,IMMUNIZATION PROGRAM
1020,IMMUNIZATION PROGRAM
1021,IMMUNIZATION PROGRAM
1022,IMMUNIZATION PROGRAM
1023,IMMUNIZATION PROGRAM
1024,IMMUNIZATION PROGRAM
1027,IMMUNIZATION PROGRAM
1028,IMMUNIZATION PROGRAM
1029,IMMUNIZATION PROGRAM
1030,IMMUNIZATION PROGRAM
1031,IMMUNIZATION PROGRAM
1032,IMMUNIZATION PROGRAM
1033,IMMUNIZATION PROGRAM
1034,IMMUNIZATION PROGRAM
1036,IMMUNIZATION PROGRAM
1037,IMMUNIZATION PROGRAM
1039,IMMUNIZATION PROGRAM
1040,IMMUNIZATION PROGRAM
1041,IMMUNIZATION PROGRAM
1042,IMMUNIZATION PROGRAM
1048,IMMUNIZATION PROGRAM
1050,IMMUNIZATION PROGRAM
1052,IMMUNIZATION PROGRAM
152,IMMUNIZATION PROGRAM
1055,IMMUNIZATION PROGRAM
692,IMMUNIZATION PROGRAM
1057,IMMUNIZATION PROGRAM
1058,IMMUNIZATION PROGRAM
1059,IMMUNIZATION PROGRAM
1060,IMMUNIZATION PROGRAM
1061,IMMUNIZATION PROGRAM
1062,IMMUNIZATION PROGRAM
1063,IMMUNIZATION PROGRAM
1065,IMMUNIZATION PROGRAM
1067,IMMUNIZATION PROGRAM
1068,IMMUNIZATION PROGRAM
1069,IMMUNIZATION PROGRAM
1079,IMMUNIZATION PROGRAM
1081,IMMUNIZATION PROGRAM
1084,IMMUNIZATION PROGRAM
1085,IMMUNIZATION PROGRAM
1090,IMMUNIZATION PROGRAM
1092,IMMUNIZATION PROGRAM
1095,IMMUNIZATION PROGRAM
1096,IMMUNIZATION PROGRAM
1102,IMMUNIZATION PROGRAM
1044,IMMUNIZATION PROGRAM
1049,IMMUNIZATION PROGRAM
1054,IMMUNIZATION PROGRAM
1104,IMMUNIZATION PROGRAM
1046,IMMUNIZATION PROGRAM
836,IMMUNIZATION PROGRAM
1105,IMMUNIZATION PROGRAM
1107,IMMUNIZATION PROGRAM
1070,IMMUNIZATION PROGRAM
1071,IMMUNIZATION PROGRAM
1073,IMMUNIZATION PROGRAM
1109,IMMUNIZATION PROGRAM
1075,IMMUNIZATION PROGRAM
1074,IMMUNIZATION PROGRAM
1077,IMMUNIZATION PROGRAM
1078,IMMUNIZATION PROGRAM
1080,IMMUNIZATION PROGRAM
1082,IMMUNIZATION PROGRAM
1083,IMMUNIZATION PROGRAM
1086,IMMUNIZATION PROGRAM
1087,IMMUNIZATION PROGRAM
1089,IMMUNIZATION PROGRAM
1094,IMMUNIZATION PROGRAM
1103,IMMUNIZATION PROGRAM
1097,IMMUNIZATION PROGRAM
1110,IMMUNIZATION PROGRAM
1098,IMMUNIZATION PROGRAM
1100,IMMUNIZATION PROGRAM
1101,IMMUNIZATION PROGRAM
1026,IMMUNIZATION PROGRAM
1113,IMMUNIZATION PROGRAM
1114,IMMUNIZATION PROGRAM
1115,IMMUNIZATION PROGRAM
1116,IMMUNIZATION PROGRAM
1118,IMMUNIZATION PROGRAM
1119,IMMUNIZATION PROGRAM
1120,IMMUNIZATION PROGRAM
1121,IMMUNIZATION PROGRAM
1122,IMMUNIZATION PROGRAM
1124,IMMUNIZATION PROGRAM
1125,IMMUNIZATION PROGRAM
1127,IMMUNIZATION PROGRAM
1128,IMMUNIZATION PROGRAM
1129,IMMUNIZATION PROGRAM
1130,IMMUNIZATION PROGRAM
1131,IMMUNIZATION PROGRAM
1132,IMMUNIZATION PROGRAM
1133,IMMUNIZATION PROGRAM
1134,IMMUNIZATION PROGRAM
1135,IMMUNIZATION PROGRAM
1136,IMMUNIZATION PROGRAM
1137,IMMUNIZATION PROGRAM
1138,IMMUNIZATION PROGRAM
1072,IMMUNIZATION PROGRAM
1139,IMMUNIZATION PROGRAM
1140,IMMUNIZATION PROGRAM
1141,IMMUNIZATION PROGRAM
1142,IMMUNIZATION PROGRAM
1143,IMMUNIZATION PROGRAM
1144,IMMUNIZATION PROGRAM
1145,IMMUNIZATION PROGRAM
1146,IMMUNIZATION PROGRAM
847,IMMUNIZATION PROGRAM
1076,IMMUNIZATION PROGRAM
1112,IMMUNIZATION PROGRAM
1117,IMMUNIZATION PROGRAM
1099,IMMUNIZATION PROGRAM
852,IMMUNIZATION PROGRAM
1126,IMMUNIZATION PROGRAM
891,IMMUNIZATION PROGRAM
382,IMMUNIZATION PROGRAM
1147,IMMUNIZATION PROGRAM
1149,IMMUNIZATION PROGRAM
1150,IMMUNIZATION PROGRAM
1153,IMMUNIZATION PROGRAM
1154,IMMUNIZATION PROGRAM
1155,IMMUNIZATION PROGRAM
1157,IMMUNIZATION PROGRAM
1158,IMMUNIZATION PROGRAM
1162,IMMUNIZATION PROGRAM
1161,IMMUNIZATION PROGRAM
137,IMMUNIZATION PROGRAM
1164,IMMUNIZATION PROGRAM
1165,IMMUNIZATION PROGRAM
1166,IMMUNIZATION PROGRAM
1168,IMMUNIZATION PROGRAM
1170,IMMUNIZATION PROGRAM
1171,IMMUNIZATION PROGRAM
1173,IMMUNIZATION PROGRAM
1175,IMMUNIZATION PROGRAM
1176,IMMUNIZATION PROGRAM
1177,IMMUNIZATION PROGRAM
1179,IMMUNIZATION PROGRAM
1183,IMMUNIZATION PROGRAM
1184,IMMUNIZATION PROGRAM
1185,IMMUNIZATION PROGRAM
1186,IMMUNIZATION PROGRAM
1187,IMMUNIZATION PROGRAM
1188,IMMUNIZATION PROGRAM
1189,IMMUNIZATION PROGRAM
1190,IMMUNIZATION PROGRAM
1193,IMMUNIZATION PROGRAM
1194,IMMUNIZATION PROGRAM
1195,IMMUNIZATION PROGRAM
1197,IMMUNIZATION PROGRAM
1201,IMMUNIZATION PROGRAM
1202,IMMUNIZATION PROGRAM
1203,IMMUNIZATION PROGRAM
1205,IMMUNIZATION PROGRAM
1163,IMMUNIZATION PROGRAM
1206,IMMUNIZATION PROGRAM
1207,IMMUNIZATION PROGRAM
1208,IMMUNIZATION PROGRAM
1209,IMMUNIZATION PROGRAM
1211,IMMUNIZATION PROGRAM
1212,IMMUNIZATION PROGRAM
1213,IMMUNIZATION PROGRAM
1214,IMMUNIZATION PROGRAM
1215,IMMUNIZATION PROGRAM
1217,IMMUNIZATION PROGRAM
1218,IMMUNIZATION PROGRAM
1219,IMMUNIZATION PROGRAM
1221,IMMUNIZATION PROGRAM
1222,IMMUNIZATION PROGRAM
1223,IMMUNIZATION PROGRAM
1225,IMMUNIZATION PROGRAM
1160,IMMUNIZATION PROGRAM
1151,IMMUNIZATION PROGRAM
1226,IMMUNIZATION PROGRAM
1227,IMMUNIZATION PROGRAM
1229,IMMUNIZATION PROGRAM
1233,IMMUNIZATION PROGRAM
1156,IMMUNIZATION PROGRAM
1234,IMMUNIZATION PROGRAM
1236,IMMUNIZATION PROGRAM
1237,IMMUNIZATION PROGRAM
1238,IMMUNIZATION PROGRAM
1239,IMMUNIZATION PROGRAM
1240,IMMUNIZATION PROGRAM
1241,IMMUNIZATION PROGRAM
1242,IMMUNIZATION PROGRAM
1180,IMMUNIZATION PROGRAM
1245,IMMUNIZATION PROGRAM
1246,IMMUNIZATION PROGRAM
1182,IMMUNIZATION PROGRAM
1250,IMMUNIZATION PROGRAM
1252,IMMUNIZATION PROGRAM
1253,IMMUNIZATION PROGRAM
1191,IMMUNIZATION PROGRAM
1255,IMMUNIZATION PROGRAM
1256,IMMUNIZATION PROGRAM
1257,IMMUNIZATION PROGRAM
1258,IMMUNIZATION PROGRAM
756,IMMUNIZATION PROGRAM
1260,IMMUNIZATION PROGRAM
1261,IMMUNIZATION PROGRAM
1262,IMMUNIZATION PROGRAM
1263,IMMUNIZATION PROGRAM
819,IMMUNIZATION PROGRAM
1264,IMMUNIZATION PROGRAM
1265,IMMUNIZATION PROGRAM
1266,IMMUNIZATION PROGRAM
1204,IMMUNIZATION PROGRAM
1267,IMMUNIZATION PROGRAM
1268,IMMUNIZATION PROGRAM
1269,IMMUNIZATION PROGRAM
1270,IMMUNIZATION PROGRAM
1224,IMMUNIZATION PROGRAM
1271,IMMUNIZATION PROGRAM
1272,IMMUNIZATION PROGRAM
1210,IMMUNIZATION PROGRAM
1274,IMMUNIZATION PROGRAM
825,IMMUNIZATION PROGRAM
1277,IMMUNIZATION PROGRAM
1278,IMMUNIZATION PROGRAM
1280,IMMUNIZATION PROGRAM
1283,IMMUNIZATION PROGRAM
1285,IMMUNIZATION PROGRAM
822,IMMUNIZATION PROGRAM
1152,IMMUNIZATION PROGRAM
769,IMMUNIZATION PROGRAM
1286,IMMUNIZATION PROGRAM
821,IMMUNIZATION PROGRAM
1287,IMMUNIZATION PROGRAM
1288,IMMUNIZATION PROGRAM
1289,IMMUNIZATION PROGRAM
1249,IMMUNIZATION PROGRAM
1282,IMMUNIZATION PROGRAM
1259,IMMUNIZATION PROGRAM
731,IMMUNIZATION PROGRAM
1232,IMMUNIZATION PROGRAM
1290,IMMUNIZATION PROGRAM
907,IMMUNIZATION PROGRAM
1291,IMMUNIZATION PROGRAM
1172,IMMUNIZATION PROGRAM
1106,IMMUNIZATION PROGRAM
1292,IMMUNIZATION PROGRAM
1093,IMMUNIZATION PROGRAM
1043,IMMUNIZATION PROGRAM
865,IMMUNIZATION PROGRAM
1192,IMMUNIZATION PROGRAM
1293,IMMUNIZATION PROGRAM
1294,IMMUNIZATION PROGRAM
1295,IMMUNIZATION PROGRAM
1296,IMMUNIZATION PROGRAM
1228,IMMUNIZATION PROGRAM
1276,IMMUNIZATION PROGRAM
1284,IMMUNIZATION PROGRAM
759,IMMUNIZATION PROGRAM
1254,IMMUNIZATION PROGRAM
465,IMMUNIZATION PROGRAM
1247,IMMUNIZATION PROGRAM
1297,IMMUNIZATION PROGRAM
1159,IMMUNIZATION PROGRAM
1299,IMMUNIZATION PROGRAM
640,IMMUNIZATION PROGRAM
820,IMMUNIZATION PROGRAM
1243,IMMUNIZATION PROGRAM
1279,IMMUNIZATION PROGRAM
1300,IMMUNIZATION PROGRAM
327,IMMUNIZATION PROGRAM
456,IMMUNIZATION PROGRAM
280,IMMUNIZATION PROGRAM
1301,IMMUNIZATION PROGRAM
1235,IMMUNIZATION PROGRAM
877,IMMUNIZATION PROGRAM
690,IMMUNIZATION PROGRAM
1148,IMMUNIZATION PROGRAM
1231,IMMUNIZATION PROGRAM
1302,IMMUNIZATION PROGRAM
1303,IMMUNIZATION PROGRAM
1304,IMMUNIZATION PROGRAM
733,IMMUNIZATION PROGRAM
740,IMMUNIZATION PROGRAM
998,IMMUNIZATION PROGRAM
747,IMMUNIZATION PROGRAM
984,IMMUNIZATION PROGRAM
752,IMMUNIZATION PROGRAM
989,IMMUNIZATION PROGRAM
810,IMMUNIZATION PROGRAM
1305,IMMUNIZATION PROGRAM
1306,IMMUNIZATION PROGRAM
1307,IMMUNIZATION PROGRAM
1001,IMMUNIZATION PROGRAM
744,IMMUNIZATION PROGRAM
749,IMMUNIZATION PROGRAM
994,IMMUNIZATION PROGRAM
750,IMMUNIZATION PROGRAM
982,IMMUNIZATION PROGRAM
990,IMMUNIZATION PROGRAM
732,IMMUNIZATION PROGRAM
1056,IMMUNIZATION PROGRAM
659,IMMUNIZATION PROGRAM
727,IMMUNIZATION PROGRAM
1273,IMMUNIZATION PROGRAM
712,IMMUNIZATION PROGRAM
268,IMMUNIZATION PROGRAM
700,IMMUNIZATION PROGRAM
1309,IMMUNIZATION PROGRAM
844,IMMUNIZATION PROGRAM
1178,IMMUNIZATION PROGRAM
1198,IMMUNIZATION PROGRAM
887,IMMUNIZATION PROGRAM
1200,IMMUNIZATION PROGRAM
1025,IMMUNIZATION PROGRAM
1111,IMMUNIZATION PROGRAM
1199,IMMUNIZATION PROGRAM
1167,IMMUNIZATION PROGRAM
981,IMMUNIZATION PROGRAM
150,IMMUNIZATION PROGRAM
552,IMMUNIZATION PROGRAM
895,IMMUNIZATION PROGRAM
1035,IMMUNIZATION PROGRAM
1312,IMMUNIZATION PROGRAM
1047,IMMUNIZATION PROGRAM
754,IMMUNIZATION PROGRAM
795,IMMUNIZATION PROGRAM
655,IMMUNIZATION PROGRAM
1314,IMMUNIZATION PROGRAM
1316,IMMUNIZATION PROGRAM
1318,IMMUNIZATION PROGRAM
541,IMMUNIZATION PROGRAM
215,IMMUNIZATION PROGRAM
841,IMMUNIZATION PROGRAM
823,IMMUNIZATION PROGRAM
623,IMMUNIZATION PROGRAM
1281,IMMUNIZATION PROGRAM
766,IMMUNIZATION PROGRAM
1196,IMMUNIZATION PROGRAM
837,IMMUNIZATION PROGRAM
1123,IMMUNIZATION PROGRAM
1319,IMMUNIZATION PROGRAM
1216,IMMUNIZATION PROGRAM
1248,IMMUNIZATION PROGRAM
1169,IMMUNIZATION PROGRAM
1174,IMMUNIZATION PROGRAM
1045,IMMUNIZATION PROGRAM
833,IMMUNIZATION PROGRAM
1064,IMMUNIZATION PROGRAM
1016,IMMUNIZATION PROGRAM
859,IMMUNIZATION PROGRAM
1320,IMMUNIZATION PROGRAM
1066,IMMUNIZATION PROGRAM
729,IMMUNIZATION PROGRAM
763,IMMUNIZATION PROGRAM
1251,IMMUNIZATION PROGRAM
781,IMMUNIZATION PROGRAM
1311,IMMUNIZATION PROGRAM
1275,IMMUNIZATION PROGRAM
258,IMMUNIZATION PROGRAM
256,IMMUNIZATION PROGRAM
726,IMMUNIZATION PROGRAM
1088,IMMUNIZATION PROGRAM
1321,IMMUNIZATION PROGRAM
884,IMMUNIZATION PROGRAM
1322,IMMUNIZATION PROGRAM
1323,IMMUNIZATION PROGRAM
414,IMMUNIZATION PROGRAM
420,IMMUNIZATION PROGRAM
352,IMMUNIZATION PROGRAM
415,IMMUNIZATION PROGRAM
418,IMMUNIZATION PROGRAM
313,IMMUNIZATION PROGRAM
1338,IMMUNIZATION PROGRAM
85,IMMUNIZATION PROGRAM
427,IMMUNIZATION PROGRAM
139,IMMUNIZATION PROGRAM
1349,IMMUNIZATION PROGRAM
1350,IMMUNIZATION PROGRAM
370,IMMUNIZATION PROGRAM
625,IMMUNIZATION PROGRAM
1351,IMMUNIZATION PROGRAM
1352,IMMUNIZATION PROGRAM
1353,IMMUNIZATION PROGRAM
1230,IMMUNIZATION PROGRAM
778,IMMUNIZATION PROGRAM
790,IMMUNIZATION PROGRAM
1355,IMMUNIZATION PROGRAM
667,IMMUNIZATION PROGRAM
320,IMMUNIZATION PROGRAM
196,IMMUNIZATION PROGRAM
212,IMMUNIZATION PROGRAM
195,IMMUNIZATION PROGRAM
293,IMMUNIZATION PROGRAM
1356,IMMUNIZATION PROGRAM
493,IMMUNIZATION PROGRAM
555,IMMUNIZATION PROGRAM
556,IMMUNIZATION PROGRAM
436,IMMUNIZATION PROGRAM
272,IMMUNIZATION PROGRAM
221,IMMUNIZATION PROGRAM
952,IMMUNIZATION PROGRAM
230,IMMUNIZATION PROGRAM
604,IMMUNIZATION PROGRAM
1373,IMMUNIZATION PROGRAM
1317,IMMUNIZATION PROGRAM
1375,IMMUNIZATION PROGRAM
1357,IMMUNIZATION PROGRAM
429,IMMUNIZATION PROGRAM
325,IMMUNIZATION PROGRAM
986,IMMUNIZATION PROGRAM
200,IMMUNIZATION PROGRAM
524,IMMUNIZATION PROGRAM
656,IMMUNIZATION PROGRAM
1368,IMMUNIZATION PROGRAM
1377,IMMUNIZATION PROGRAM
125,IMMUNIZATION PROGRAM
138,IMMUNIZATION PROGRAM
124,IMMUNIZATION PROGRAM
127,IMMUNIZATION PROGRAM
225,IMMUNIZATION PROGRAM
1380,IMMUNIZATION PROGRAM
117,IMMUNIZATION PROGRAM
403,IMMUNIZATION PROGRAM
298,IMMUNIZATION PROGRAM
270,IMMUNIZATION PROGRAM
669,IMMUNIZATION PROGRAM
1390,IMMUNIZATION PROGRAM
324,IMMUNIZATION PROGRAM
75,IMMUNIZATION PROGRAM
347,IMMUNIZATION PROGRAM
123,IMMUNIZATION PROGRAM
76,IMMUNIZATION PROGRAM
45,IMMUNIZATION PROGRAM
194,IMMUNIZATION PROGRAM
638,IMMUNIZATION PROGRAM
985,IMMUNIZATION PROGRAM
1108,IMMUNIZATION PROGRAM
126,IMMUNIZATION PROGRAM
1181,IMMUNIZATION PROGRAM
805,IMMUNIZATION PROGRAM
1393,IMMUNIZATION PROGRAM
777,IMMUNIZATION PROGRAM
1308,IMMUNIZATION PROGRAM
537,IMMUNIZATION PROGRAM
793,IMMUNIZATION PROGRAM
1091,IMMUNIZATION PROGRAM
527,IMMUNIZATION PROGRAM
526,IMMUNIZATION PROGRAM
211,IMMUNIZATION PROGRAM
675,IMMUNIZATION PROGRAM
1394,IMMUNIZATION PROGRAM
1395,IMMUNIZATION PROGRAM
1051,IMMUNIZATION PROGRAM
1396,IMMUNIZATION PROGRAM
1397,IMMUNIZATION PROGRAM
682,IMMUNIZATION PROGRAM
597,IMMUNIZATION PROGRAM
329,IMMUNIZATION PROGRAM
331,IMMUNIZATION PROGRAM
705,IMMUNIZATION PROGRAM
848,IMMUNIZATION PROGRAM
715,IMMUNIZATION PROGRAM
666,IMMUNIZATION PROGRAM
1405,IMMUNIZATION PROGRAM
224,IMMUNIZATION PROGRAM
1412,IMMUNIZATION PROGRAM
1413,IMMUNIZATION PROGRAM
314,IMMUNIZATION PROGRAM
1354,IMMUNIZATION PROGRAM
1415,IMMUNIZATION PROGRAM
1416,IMMUNIZATION PROGRAM
1371,IMMUNIZATION PROGRAM
1298,IMMUNIZATION PROGRAM
1244,IMMUNIZATION PROGRAM
923,IMMUNIZATION PROGRAM
892,IMMUNIZATION PROGRAM
724,IMMUNIZATION PROGRAM
776,IMMUNIZATION PROGRAM
1053,IMMUNIZATION PROGRAM
208,IMMUNIZATION PROGRAM
307,IMMUNIZATION PROGRAM
174,IMMUNIZATION PROGRAM
1220,IMMUNIZATION PROGRAM
274,IMMUNIZATION PROGRAM
644,IMMUNIZATION PROGRAM
1434,IMMUNIZATION PROGRAM
1438,IMMUNIZATION PROGRAM
267,IMMUNIZATION PROGRAM
1470,IMMUNIZATION PROGRAM
1038,IMMUNIZATION PROGRAM
1477,IMMUNIZATION PROGRAM
651,IMMUNIZATION PROGRAM
753,IMMUNIZATION PROGRAM
713,IMMUNIZATION PROGRAM
1486,IMMUNIZATION PROGRAM
143,IMMUNIZATION PROGRAM
57,IMMUNIZATION PROGRAM
858,IMMUNIZATION PROGRAM
678,IMMUNIZATION PROGRAM
1386,IMMUNIZATION PROGRAM
711,IMMUNIZATION PROGRAM
104,IMMUNIZATION PROGRAM
1436,IMMUNIZATION PROGRAM
816,IMMUNIZATION PROGRAM
921,IMMUNIZATION PROGRAM
1440,IMMUNIZATION PROGRAM
1520,IMMUNIZATION PROGRAM
1504,IMMUNIZATION PROGRAM
1421,IMMUNIZATION PROGRAM
967,IMMUNIZATION PROGRAM
525,IMMUNIZATION PROGRAM
284,IMMUNIZATION PROGRAM
1414,IMMUNIZATION PROGRAM
594,IMMUNIZATION PROGRAM
585,IMMUNIZATION PROGRAM
119,IMMUNIZATION PROGRAM
292,IMMUNIZATION PROGRAM
1315,IMMUNIZATION PROGRAM
1566,IMMUNIZATION PROGRAM
142,IMMUNIZATION PROGRAM
1529,IMMUNIZATION PROGRAM
140,IMMUNIZATION PROGRAM
538,IMMUNIZATION PROGRAM
202,IMMUNIZATION PROGRAM
1,IMMUNIZATION PROGRAM
25,IMMUNIZATION PROGRAM
1310,IMMUNIZATION PROGRAM
30,IMMUNIZATION PROGRAM
141,IMMUNIZATION PROGRAM
1324,IMMUNIZATION PROGRAM
144,PNC PROGRAM
1159,PNC PROGRAM
1338,PNC PROGRAM
143,PNC PROGRAM
1520,PNC PROGRAM
1504,PNC PROGRAM
292,PNC PROGRAM
1159,LABOUR AND DELIVERY PROGRAM
1338,LABOUR AND DELIVERY PROGRAM
143,LABOUR AND DELIVERY PROGRAM
1520,LABOUR AND DELIVERY PROGRAM
1504,LABOUR AND DELIVERY PROGRAM
292,LABOUR AND DELIVERY PROGRAM
25,MEMIS PROGRAM
25,NEONATAL PROGRAM
