user_id,role
59b392e6-8ac0-11e1-b88f-544249e32ba2,Clinician
59b392e6-8ac0-11e1-b88f-544249e32ba2,"Superuser,Superuser,"
59b392e6-8ac0-11e1-b88f-544249e32ba2,System Developer
3819ce3e-df0e-42d6-9996-11f1c8645416,Lab
aaa69cb4-54aa-43ad-bb2a-e47307cad5d0,Clinician
aaa69cb4-54aa-43ad-bb2a-e47307cad5d0,Provider
aaa69cb4-54aa-43ad-bb2a-e47307cad5d0,Superuser
e17e6093-40c7-4572-9ad9-0bb11d0a6f07,Lab
8c3db5a5-4a7f-4111-b2e3-fcb9ffaae64a,Superuser
dc940cca-d975-4358-8dfb-403aa215cf4f,Provider
5defb066-9fdf-48e8-b26f-ff4245b73d93,District Superuser
5defb066-9fdf-48e8-b26f-ff4245b73d93,Superuser
5defb066-9fdf-48e8-b26f-ff4245b73d93,"Superuser,Superuser,"
c1ae40f0-2fe7-4e0e-9a4c-f7295487a50e,General Registration Clerk
8c38bbe5-24db-44df-a416-e08ac06d07f1,General Registration Clerk
8c38bbe5-24db-44df-a416-e08ac06d07f1,Registration Clerk
1ca9e9fd-1110-4431-8f7f-5533a7641a02,General Registration Clerk
1ca9e9fd-1110-4431-8f7f-5533a7641a02,Registration Clerk
7f784b82-0244-4a59-b772-da6ad614d397,General Registration Clerk
7f784b82-0244-4a59-b772-da6ad614d397,Registration Clerk
04fd0cb8-ea43-491a-8c52-e8e8197041e8,General Registration Clerk
04fd0cb8-ea43-491a-8c52-e8e8197041e8,Registration Clerk
c82041b3-27e8-4820-8efb-f68c920f0c14,Clinician
c82041b3-27e8-4820-8efb-f68c920f0c14,"Superuser,Superuser,"
be0255cb-0cdf-4572-8a9b-1723a9f00400,Clinician
10c9b9e3-be32-415a-9801-e0ab144145cf,Clinician
9cb2133f-0efb-4d23-adb2-6327ecbbd7b8,Lab
a742f035-0fa6-4e37-850f-0f6efd8eb197,Lab
080d65f8-9aaf-48e2-b149-beb8c89e8900,Lab
bc82cf68-c95b-435e-9653-e486a5ace190,Nurse
75ac8472-af31-4932-aefc-fd8db841a0ee,Nurse
833f0fce-ad9e-42cd-aef0-e9ec9d8afa83,Nurse
c306f8a9-f7ed-4657-83cc-895c1676d7ca,Pharmacist
c189642e-e642-4b29-b3f0-9c0d590b648d,Pharmacist
ab920b39-184f-46e2-abab-eb297bbc3194,Pharmacist
27fc65a7-7342-4753-bbf5-713a26b5981a,Clinician
27fc65a7-7342-4753-bbf5-713a26b5981a,HSA
27fc65a7-7342-4753-bbf5-713a26b5981a,Nurse
27fc65a7-7342-4753-bbf5-713a26b5981a,Superuser
27fc65a7-7342-4753-bbf5-713a26b5981a,"Superuser,Superuser,"
48114f11-b8c5-4025-bab9-656bc33b1032,Clinician
48114f11-b8c5-4025-bab9-656bc33b1032,Superuser
69e43ef3-560a-43ac-927f-752fab8d2800,Clinician
69e43ef3-560a-43ac-927f-752fab8d2800,Data Assistant
69e43ef3-560a-43ac-927f-752fab8d2800,General Registration Clerk
69e43ef3-560a-43ac-927f-752fab8d2800,Nurse
69e43ef3-560a-43ac-927f-752fab8d2800,SPINE clinician
69e43ef3-560a-43ac-927f-752fab8d2800,Vitals Clerk
1c09d042-5b55-4d88-b362-b3d93b926215,General Registration Clerk
1c09d042-5b55-4d88-b362-b3d93b926215,Registration Clerk
b78e1ae2-0044-41ea-af65-a945b86c760d,General Registration Clerk
b78e1ae2-0044-41ea-af65-a945b86c760d,Registration Clerk
e6a40a42-88d3-443a-bff0-c482f91563fc,Clinician
e6a40a42-88d3-443a-bff0-c482f91563fc,Nurse
f01f8049-5c24-4cd3-af25-98813c6510b2,Clinician
f01f8049-5c24-4cd3-af25-98813c6510b2,Nurse
9bae8972-37b2-49f8-b002-3cbb2b3424d5,Clinician
9bae8972-37b2-49f8-b002-3cbb2b3424d5,Superuser
ed2ddccf-bcda-44d6-978f-8a9ae4aa7bc0,Pharmacist
aac0ef88-9d4a-4187-8274-f2e697abc661,Lab
f5a9153f-bc5e-47e9-93e4-61da0c629842,Superuser
f5a9153f-bc5e-47e9-93e4-61da0c629842,"Superuser,Superuser,"
82b01953-0bbc-461f-bc37-51d6e9b9ee83,Clinician
82b01953-0bbc-461f-bc37-51d6e9b9ee83,Superuser
82b01953-0bbc-461f-bc37-51d6e9b9ee83,"Superuser,Superuser,"
1864b4a0-b766-4dc8-94a4-f9477a9d9d36,Superuser
1864b4a0-b766-4dc8-94a4-f9477a9d9d36,"Superuser,Superuser,"
62822be2-99e6-4e27-8784-51cf9344f2ec,Superuser
62822be2-99e6-4e27-8784-51cf9344f2ec,"Superuser,Superuser,"
0b8151af-3123-460d-9d95-156254070004,"Superuser,Superuser,"
40c102ef-9733-4138-9726-1bb038fb2c2b,Clinician
5f1a3ece-d425-4e81-8311-e249c6524869,Clinician
8e84db71-d7a1-45ba-9ad4-a029547d9cec,Clinician
7244ccd0-8333-4020-b75a-8702a2d0ddb8,Clinician
ccdb8245-bdbc-4f81-ac9a-adc2c279ff8c,Clinician
f8fe5a78-def8-4b26-88be-6af5d4cc5d54,Clinician
e4cf5508-9098-4d9d-9a20-4c3b0a3c7392,Clinician
95f445d7-3902-4053-8ac2-2027e1df4ae3,Superuser
497e01ab-69d0-454d-8362-26ee82b5809c,Clinician
497e01ab-69d0-454d-8362-26ee82b5809c,Provider
497e01ab-69d0-454d-8362-26ee82b5809c,Superuser
497e01ab-69d0-454d-8362-26ee82b5809c,Supervisor
680f1dbe-9220-4392-b43d-bd9a5c783588,Lab
7aaf4f3d-d763-4b1c-bd4e-aaf806e6833b,Pharmacist
58b1146a-8aad-42d0-96a7-a67f05a319d4,Data Assistant
ae038600-f387-45f0-8fb5-c18326a27730,Clinician
ae038600-f387-45f0-8fb5-c18326a27730,Provider
ae038600-f387-45f0-8fb5-c18326a27730,Superuser
356f657b-20b2-4425-8f37-25e35f9f1f3c,Clinician
356f657b-20b2-4425-8f37-25e35f9f1f3c,Superuser
7eb9ade5-4b45-4be0-8b2b-392db58a42bf,Nurse
cdff3f5c-d53e-4b9f-80bb-b0372c5f5097,Nurse
68d258af-4847-43a1-9e64-c84a2df25b81,HSA
7267cdd6-f597-4c44-93ca-ff17b0882232,Clinician
bdc7ee05-08bc-4398-8d6f-bf65148f72e9,Clinician
c7056c9b-9e83-44ca-810e-4ef6589ca207,Clinician
0b13aa87-055a-4a6c-bd22-adde5956c905,Clinician
c1b56775-1f8f-4f27-8d63-c091d08b9a46,Nurse
130f5f12-7ec7-451b-9763-3332775a804d,Nurse
25728a91-f34b-41c8-a805-d39b1af4929e,Nurse
ac36f743-ac80-49ef-aae0-de1284a023f4,Nurse
0b7c17c3-9c5f-4327-8897-e54434ce95e8,General Registration Clerk
0b7c17c3-9c5f-4327-8897-e54434ce95e8,Registration Clerk
9c13a5cc-3d79-4cb8-b219-8d8d3063a35c,General Registration Clerk
9c13a5cc-3d79-4cb8-b219-8d8d3063a35c,Registration Clerk
ea5d3d1e-87b9-43f9-91b9-0244abad474b,General Registration Clerk
ea5d3d1e-87b9-43f9-91b9-0244abad474b,Registration Clerk
4af0a198-4332-4032-af22-e8c52695cbb9,General Registration Clerk
4af0a198-4332-4032-af22-e8c52695cbb9,Registration Clerk
bed810b3-e5c6-4b24-90b9-87940c4fea49,Clinician
bed810b3-e5c6-4b24-90b9-87940c4fea49,Superuser
bed810b3-e5c6-4b24-90b9-87940c4fea49,"Superuser,Superuser,"
31813b6c-3d64-4173-a845-f590d586111f,Clinician
31813b6c-3d64-4173-a845-f590d586111f,Superuser
31813b6c-3d64-4173-a845-f590d586111f,"Superuser,Superuser,"
91dcb299-88d0-4e0e-a7f5-3407589d7e66,Pharmacist
045a75e8-a6bf-4b75-add8-4080ff5e545d,Clinician
045a75e8-a6bf-4b75-add8-4080ff5e545d,Superuser
a7075ba2-4449-44bc-a9e1-a41b80af755b,Pharmacist
f33e8b4b-c74b-4041-b279-4dbd6d3e7125,Clinician
f33e8b4b-c74b-4041-b279-4dbd6d3e7125,Superuser
f33e8b4b-c74b-4041-b279-4dbd6d3e7125,"Superuser,Superuser,"
315a555c-e20a-4f54-b23a-040059a8224c,Data Assistant
315a555c-e20a-4f54-b23a-040059a8224c,Superuser
13fca1f1-0e72-41c3-b6e0-fb9c964b24b2,Clinician
13fca1f1-0e72-41c3-b6e0-fb9c964b24b2,Superuser
57239cc4-bb2d-4f3c-9424-be41ad67d884,Nurse
57239cc4-bb2d-4f3c-9424-be41ad67d884,Superuser
b70351e1-6e93-4e10-b185-aea5ea80d7a7,Clinician
6f624086-ccb6-4296-9968-b6e555d54c8a,Nurse
6f624086-ccb6-4296-9968-b6e555d54c8a,Superuser
124e3abc-acbd-4352-9e84-9f898a0754df,Nurse
124e3abc-acbd-4352-9e84-9f898a0754df,Superuser
5f8e03ea-0211-4ee4-be1e-ed7932949f93,Accompagnateur
5f8e03ea-0211-4ee4-be1e-ed7932949f93,Accompagnateur Leader
5f8e03ea-0211-4ee4-be1e-ed7932949f93,Adults
5f8e03ea-0211-4ee4-be1e-ed7932949f93,Anonymous
5f8e03ea-0211-4ee4-be1e-ed7932949f93,Authenticated
5f8e03ea-0211-4ee4-be1e-ed7932949f93,Superuser
06106bd6-64d5-4ae5-88e8-2bf3ed668875,Registration Clerk
1f7d0c0f-ffea-45f3-bfcb-df0e7cdd94c0,General Registration Clerk
1f7d0c0f-ffea-45f3-bfcb-df0e7cdd94c0,Registration Clerk
1f7d0c0f-ffea-45f3-bfcb-df0e7cdd94c0,Superuser
96d15cf0-088a-4120-bba7-a4b0f5a25ae6,Nurse
2df8cbd8-3b33-4c3d-aa51-8e65c1047841,Clinician
4b21cac7-4cd1-4b2b-bab3-0909857a554e,Superuser
30565972-bdcc-4530-b569-875f726eb250,Data Manager
30565972-bdcc-4530-b569-875f726eb250,Doctor
30565972-bdcc-4530-b569-875f726eb250,Superuser
30565972-bdcc-4530-b569-875f726eb250,Supervisor
d43c145f-05ba-45ad-89cb-706cbf45561b,Clinician
d43c145f-05ba-45ad-89cb-706cbf45561b,Superuser
47877579-e5d8-4d37-a83b-bd3192e30ab7,Data Assistant
47877579-e5d8-4d37-a83b-bd3192e30ab7,Registration Clerk
a07f350d-1f0f-4779-a3b8-450510d605f0,Superuser
06d8e95b-8bbb-4395-90e7-1f60d8edc2c0,Nurse
06d8e95b-8bbb-4395-90e7-1f60d8edc2c0,Superuser
c81751dd-e0bc-4ad5-9eae-fdb2c5554a1b,Clinician
c81751dd-e0bc-4ad5-9eae-fdb2c5554a1b,Superuser
c81751dd-e0bc-4ad5-9eae-fdb2c5554a1b,"Superuser,Superuser,"
80f8b708-4938-4a73-a6b3-7f3fb4eadeb5,Clinician
80f8b708-4938-4a73-a6b3-7f3fb4eadeb5,Data Manager
80f8b708-4938-4a73-a6b3-7f3fb4eadeb5,Superuser
1944c0f8-8a59-4b62-ae54-983cc0f53145,Pharmacist
538b32de-12bf-4698-b495-8b9c6a76be52,Pharmacist
27863fa7-36e0-4316-abf2-b47d94e2d369,Pharmacist
0b7322c7-d099-4436-b043-7fc49442a168,Lab
a719db68-0a12-4a82-a840-856d5386f215,Superuser
a719db68-0a12-4a82-a840-856d5386f215,"Superuser,Superuser,"
6ea40656-8e68-4ac5-81fa-773e60b9b55b,Nurse
f294472c-a36d-4f4f-888f-d21646de795d,General Registration Clerk
6600df09-007a-4d45-b019-e4f70c19c83b,Clinician
6600df09-007a-4d45-b019-e4f70c19c83b,Nurse
6600df09-007a-4d45-b019-e4f70c19c83b,Superuser
6600df09-007a-4d45-b019-e4f70c19c83b,"Superuser,Superuser,"
9274a473-77d0-4215-8a3e-36426d3f2350,Registration Clerk
e774b475-dbfc-4058-8d92-c02da3682e4f,General Registration Clerk
99d418ef-fab7-4ab5-b515-3f5644ac02c8,Registration Clerk
3051ef1c-fe36-48dd-96b1-1fb5253fe791,Nurse
d094a576-7760-4adf-bcce-31b52afcf97f,Pharmacist
ee857088-f0c3-4f47-8268-2c06c98654ce,Nurse
13d5848f-43fa-45cc-9591-afa8f9a71a7d,Clinician
13d5848f-43fa-45cc-9591-afa8f9a71a7d,Superuser
13d5848f-43fa-45cc-9591-afa8f9a71a7d,"Superuser,Superuser,"
3a82e261-f14a-4526-86b9-3c919a65ca33,Data Assistant
3a82e261-f14a-4526-86b9-3c919a65ca33,Data Element Contributor
3a82e261-f14a-4526-86b9-3c919a65ca33,Data Manager
af67688e-5f6d-453d-acd5-29114199f222,Pharmacist
833e3bd7-033e-47a1-932b-c75c8db49f26,Nurse
db436bb6-6b92-4461-9363-96a6cd817f7d,Clinician
7d034b36-7419-4b05-8051-4046bf7c211f,Clinician
671ec3f6-26b8-46fc-805f-6e19042b5459,Nurse
4b48b6f0-9c62-4248-87ea-dac6f98e7702,Clinician
d796945a-9b94-4792-87b0-b8cf89282051,Lab
dcd51f25-e62b-487d-8212-9a537a18f981,Clinician
17aaccb4-ca15-40f0-af01-c87d12dae4f2,Nurse
feac3ef6-e844-4106-bdfc-d247d0662b41,Clinician
42091735-5808-40df-aeb2-61701af47e34,Pharmacist
42091735-5808-40df-aeb2-61701af47e34,Registration Clerk
42091735-5808-40df-aeb2-61701af47e34,Vitals Clerk
a8dc50de-5787-4f23-b4ba-213016910f1d,Pharmacist
cda73037-d3f6-4b41-8949-a020a4b7bfd7,Clinician
42dfcaf9-5cdd-4d72-9eb3-f17af082e766,Clinician
0f2c3096-6450-4034-88fd-b58925dd1db6,Clinician
4d871aac-1f3b-4129-8d22-5d7124bfb802,Registration Clerk
4d871aac-1f3b-4129-8d22-5d7124bfb802,Vitals Clerk
f35c5730-0008-4901-b404-ae404d4a14b9,Nurse
81f041f0-562b-43a5-b9ef-0037c9214b8e,Clinician
ad35cad9-7bbe-43e9-b097-1067b47ca835,Nurse
af7c8a77-7103-4d98-beef-dfbe8413d4e5,General Registration Clerk
af7c8a77-7103-4d98-beef-dfbe8413d4e5,Nurse
ac37ff37-6c51-4693-b119-d41e64e25ee6,Clinician
16358d42-2670-4bd1-b565-926a4aba52b2,Clinician
dbbc93a1-7832-4ac6-8333-61cf213afe0c,Registration Clerk
dbbc93a1-7832-4ac6-8333-61cf213afe0c,Vitals Clerk
59664f6a-066c-4431-840d-a0a1d25df6ba,Clinician
7ab6dc33-e373-41e7-b28b-56b6226b36cd,Nurse
359f25ab-af60-47e7-a72b-a425f5dbe0ee,Lab
359f25ab-af60-47e7-a72b-a425f5dbe0ee,Registration Clerk
ee45b681-c568-4cce-88fd-b84303273ec2,Data Assistant
ee45b681-c568-4cce-88fd-b84303273ec2,General Registration Clerk
ee45b681-c568-4cce-88fd-b84303273ec2,Registration Clerk
ee45b681-c568-4cce-88fd-b84303273ec2,Vitals Clerk
7bc48dd4-3c29-4b03-8dcf-f14abb1c1051,Registration Clerk
b00331bd-393d-4c59-a1ee-4b09f972f347,Pharmacist
e30afb3f-d96c-4568-a804-5eb09b39531f,"Superuser,Superuser,"
51ede668-4d30-4397-a148-20e4532e4e7a,Nurse
32840d53-9aa8-4c10-8b8d-bf6942e7bfc3,Clinician
6246708d-f007-49a1-83d4-9ef11c1ec587,General Registration Clerk
6246708d-f007-49a1-83d4-9ef11c1ec587,Registration Clerk
349ee7b5-70c7-4540-966d-daac605a9a7f,Lab
a56b773f-2bbd-4507-9eac-8cb2b15ed7a6,Pharmacist
deadad57-2eb9-447a-a065-a745abd9f4b4,Pharmacist
beecad36-b941-4773-b74c-8935363f850b,Clinician
19842465-45cc-49fd-8d3f-c3ba156a3e23,Nurse
523140ec-3ba1-49ba-916d-6112a9fab0db,Nurse
12673b8b-d5a8-4d2a-87ee-b501930063e4,Nurse
ca8c2831-2622-4104-8427-0e579e93bc6c,Clinician
413f34a5-349d-4806-bcd2-1ea66ab82819,Lab
09a13609-b794-4929-94ff-aeabd53c48a3,Nurse
6159cb02-c08d-48ae-ad82-c5333b0cb41e,Pharmacist
70afac7f-4158-4844-8ee1-7ca1c150f988,Nurse
b39550c7-db70-47b3-bb3a-fc72c0b4ee07,Data Assistant
42fcaebd-2515-4201-a3c1-d6419cd6e7a5,Data Assistant
aa55015c-2ad4-47f3-9eba-9a3a1ff7ba1e,Nurse
2662501f-815e-451f-a62d-b7913aaa4778,Nurse
9b7e8209-9538-40ae-a0f0-7dfa12878522,Nurse
db81783c-fb33-4b05-9131-fcc7f58b8e81,Lab
22f48817-3ec6-4d95-b22d-ec8402fd9677,Clinician
0a6815ab-9ddc-4ef1-ba43-a406f46b16f1,Clinician
d6ebb2f6-0e91-4320-9a6f-67c900998df4,Lab
7036d6ef-e379-4565-ae6e-97e564fcaddf,Nurse
5c3947ee-e2dd-450d-b227-156b39ad8a84,Nurse
5212dd59-1fb9-44f3-bb22-1ec3abe4864c,Clinician
95cb8b71-e9e1-4f63-b1c1-8a0629bc3455,Nurse
cfa5143a-4efa-4ad4-ba0c-0357a7209501,Nurse
dbd9b7dd-46ff-4992-9129-30aefd17d168,Nurse
1207d830-e5e6-4649-89a8-7f5297a85345,General Registration Clerk
57e07ac0-8405-405f-8e0d-63cac15ccf65,Nurse
56893929-c3b0-4c13-b021-7df54fe2618f,General Registration Clerk
56893929-c3b0-4c13-b021-7df54fe2618f,Registration Clerk
2e5e4865-fb38-4e92-af08-91a1b142c02e,General Registration Clerk
2e5e4865-fb38-4e92-af08-91a1b142c02e,Registration Clerk
16e7f73f-04cf-44aa-ac7f-4f4e245c9bc9,Nurse
387c3ec8-2e05-43d9-807e-ad0f03bc14bb,Clinician
1f2cfa2a-fcb9-47de-bd8f-d142368a8620,Nurse
0ec260a4-6098-4ca5-9da7-26e27f2ac8cd,Nurse
b3c8abe1-5ece-4a71-9e73-756e77570841,Clinician
1dac9f13-7a21-4ada-8029-0b8b3b02ef7f,Nurse
579ffe79-def9-4124-982e-dcb344bb50df,Clinician
10715806-a847-4813-981f-621621523db4,Nurse
a1d3f278-3085-45b6-9b3d-c79d34dd61c4,General Registration Clerk
3c388989-be17-4160-99d2-f8c8e8b4cdef,Clinician
2e614936-25bd-4c17-a6b1-e5ff6b70115a,HSA
2b18173c-e976-4e9d-ac1b-e6dbc15e7bb3,Nurse
5385a913-d822-4c01-a7ab-2b7490e373e7,Clinician
ff9b9df8-fb91-4292-94e7-bda1213026a5,General Registration Clerk
ff9b9df8-fb91-4292-94e7-bda1213026a5,Provider
a10b3998-9df5-4478-85ca-19eb19b4bd98,Registration Clerk
22be3f0d-a236-4b67-95a6-7eec8d632e2c,Lab
90c0eaf2-2213-48ea-acb9-21c860a37562,Clinician
da8e8791-9c99-4135-bd74-c325c734da2a,Nurse
93b561f2-9c41-41b2-8823-08add266a198,Clinician
93b561f2-9c41-41b2-8823-08add266a198,Nurse
93b561f2-9c41-41b2-8823-08add266a198,Pharmacist
d4ffe3b9-8a22-4500-8fe6-3e683a86f346,Clinician
68a76e0c-752c-4fe7-a0c5-c24b833f22eb,Clinician
68a76e0c-752c-4fe7-a0c5-c24b833f22eb,Nurse
68a76e0c-752c-4fe7-a0c5-c24b833f22eb,Pharmacist
8edf4a77-1c74-4f1f-a836-f4332357836d,Clinician
8edf4a77-1c74-4f1f-a836-f4332357836d,Pharmacist
89d2cabc-7dfb-4096-8b83-a6dcaf9f6eff,Lab
646e0389-ec84-49a2-bc3a-c445e905d5c4,Clinician
33996575-e3eb-46c5-b30e-dcb5c300d1f6,Clinician
33996575-e3eb-46c5-b30e-dcb5c300d1f6,Pharmacist
90f16da2-c096-4f06-83f8-9349a3ad68ad,Pharmacist
7ef9776c-fa9f-45e1-91a0-21d9eadcff71,Clinician
7ef9776c-fa9f-45e1-91a0-21d9eadcff71,Pharmacist
9e11f529-c638-4887-ac9e-4d0a8a531d9f,Clinician
91284fc2-ed15-439e-adc2-ac55f1574432,Health Surveillance
24213236-da9f-46b0-a3c3-90fcf12aef71,Clinician
24213236-da9f-46b0-a3c3-90fcf12aef71,Pharmacist
a36bd78a-59d9-41c6-830c-202dae21d1c5,Clinician
a146f045-b100-4627-afd0-bf69ea9f9b83,Nurse
50e08088-6a22-464d-8f94-9f539633e0ea,Nurse
50e08088-6a22-464d-8f94-9f539633e0ea,Pharmacist
0ebb37be-5573-4ea6-a19d-e2058fc49f83,Nurse
d56b0ef3-d10b-4b97-b7cf-8c5765229ffc,Nurse
83a77a0e-461d-4a58-9b2a-2307c55ce0eb,Nurse
2183f95c-0da1-4c52-a84a-8702c80dc01c,Nurse
0204f69b-dd71-4280-9cf6-f559b79f4ff0,Pharmacist
8339e79f-6fe6-480d-ae79-50fbe7f8c1c9,Clinician
8339e79f-6fe6-480d-ae79-50fbe7f8c1c9,Superuser
8339e79f-6fe6-480d-ae79-50fbe7f8c1c9,"Superuser,Superuser,"
7d4febc4-a35e-416a-8e80-0c00630a9d64,Clinician
7d4febc4-a35e-416a-8e80-0c00630a9d64,Superuser
7d4febc4-a35e-416a-8e80-0c00630a9d64,"Superuser,Superuser,"
70e78ff3-0323-47a3-b388-a8e7b95d8144,Provider
70e78ff3-0323-47a3-b388-a8e7b95d8144,"Superuser,Superuser,"
ed818af7-20da-482e-b763-82d627fe4b37,Superuser
5d248fc4-9247-4caa-a900-9eb22a69393b,Clinician
5d248fc4-9247-4caa-a900-9eb22a69393b,Nurse
5d248fc4-9247-4caa-a900-9eb22a69393b,Provider
5d248fc4-9247-4caa-a900-9eb22a69393b,Superuser
5d248fc4-9247-4caa-a900-9eb22a69393b,"Superuser,Superuser,"
10769291-c056-4cf4-88c6-a2cdfaf328ae,Provider
10769291-c056-4cf4-88c6-a2cdfaf328ae,Superuser
0adf613e-0a88-44e2-9f17-884ecb70e74f,Superuser
acce4a23-d7ba-4635-8ba2-ea6245cb0c3b,Anonymous
acce4a23-d7ba-4635-8ba2-ea6245cb0c3b,Authenticated
acce4a23-d7ba-4635-8ba2-ea6245cb0c3b,Program Manager
acce4a23-d7ba-4635-8ba2-ea6245cb0c3b,Superuser
acce4a23-d7ba-4635-8ba2-ea6245cb0c3b,System Developer
65db959a-5966-47e5-aa84-41467a3ef084,Provider
65db959a-5966-47e5-aa84-41467a3ef084,Superuser
65db959a-5966-47e5-aa84-41467a3ef084,"Superuser,Superuser,"
a58ad45f-b3b4-429c-99b9-b0531bdc4052,HSA
a58ad45f-b3b4-429c-99b9-b0531bdc4052,Informatics Manager
a58ad45f-b3b4-429c-99b9-b0531bdc4052,Superuser
a58ad45f-b3b4-429c-99b9-b0531bdc4052,"Superuser,Superuser,"
a58ad45f-b3b4-429c-99b9-b0531bdc4052,System Developer
2f08bae6-13ba-4574-b2df-afa63dfadd9e,"Superuser,Superuser,"
2f08bae6-13ba-4574-b2df-afa63dfadd9e,Supervisor
30e0e464-a7ca-46f8-8d07-a10954967167,Nurse
8a4db3a8-532d-4e75-9c08-d4c2863c9d71,Superuser
be49c32e-5c80-465e-bf7f-e821f36698ef,Clinician
be49c32e-5c80-465e-bf7f-e821f36698ef,Superuser
be49c32e-5c80-465e-bf7f-e821f36698ef,"Superuser,Superuser,"
6bd6df6a-339b-4c3c-afc4-3e690f7830f2,Nurse
bac710d4-da94-4fca-9b7a-7c93f236ed4c,Superuser
f8e4f6cf-04a8-4778-a40c-8f3cffb3b0e6,Clinician
f8e4f6cf-04a8-4778-a40c-8f3cffb3b0e6,Nurse
f8e4f6cf-04a8-4778-a40c-8f3cffb3b0e6,Provider
f8e4f6cf-04a8-4778-a40c-8f3cffb3b0e6,Superuser
72e37e2b-4838-4591-8664-cdb8fec874df,Clinician
72e37e2b-4838-4591-8664-cdb8fec874df,Nurse
72e37e2b-4838-4591-8664-cdb8fec874df,Superuser
72e37e2b-4838-4591-8664-cdb8fec874df,Vitals Clerk
a3011707-aad0-49e9-bedc-e905bc63f2ef,Clinician
a3011707-aad0-49e9-bedc-e905bc63f2ef,District Superuser
a3011707-aad0-49e9-bedc-e905bc63f2ef,Lab
a3011707-aad0-49e9-bedc-e905bc63f2ef,Nurse
a3011707-aad0-49e9-bedc-e905bc63f2ef,Registration Clerk
a3011707-aad0-49e9-bedc-e905bc63f2ef,Superuser
ebb5a0ec-388a-4f4a-81e3-a8a842682a32,Adults
ebb5a0ec-388a-4f4a-81e3-a8a842682a32,Clinician
ebb5a0ec-388a-4f4a-81e3-a8a842682a32,General Registration Clerk
ebb5a0ec-388a-4f4a-81e3-a8a842682a32,Lab
ebb5a0ec-388a-4f4a-81e3-a8a842682a32,Pharmacist
ebb5a0ec-388a-4f4a-81e3-a8a842682a32,Superuser
44609ab1-fd17-4730-8af9-1ab51aed9430,Clinician
202d4117-4100-403e-8cd6-929e1bcc3284,Clinician
f5be8bb1-06e3-43c0-a678-defa66585283,Clinician
f5be8bb1-06e3-43c0-a678-defa66585283,Lab
f2e87002-7c13-405c-b91e-fbb747a315b7,Clinician
f2e87002-7c13-405c-b91e-fbb747a315b7,Superuser
ae3255f8-1971-42ad-b23e-7c12ba7144ba,Clinician
ae3255f8-1971-42ad-b23e-7c12ba7144ba,Superuser
4026cbdc-844e-474d-9aef-951bddc4f0e3,Clinician
4026cbdc-844e-474d-9aef-951bddc4f0e3,General Registration Clerk
4026cbdc-844e-474d-9aef-951bddc4f0e3,Lab
4026cbdc-844e-474d-9aef-951bddc4f0e3,Nurse
4026cbdc-844e-474d-9aef-951bddc4f0e3,Pharmacist
4026cbdc-844e-474d-9aef-951bddc4f0e3,Superuser
4026cbdc-844e-474d-9aef-951bddc4f0e3,Supervisor
0bcdd618-6302-4d84-90e3-46584b8ce328,Clinician
0bcdd618-6302-4d84-90e3-46584b8ce328,Superuser
37f2c582-714d-4ffc-86e1-3a708a16b61d,Clinician
37f2c582-714d-4ffc-86e1-3a708a16b61d,Superuser
d1abb5e2-80f4-4ecb-98d5-efead0e84d37,Clinician
b8a57aa9-58dc-485f-a42e-88cf58b6c716,Clinician
b8a57aa9-58dc-485f-a42e-88cf58b6c716,Superuser
d699879a-57d0-4ba6-b4c9-18dd810ecb44,Clinician
65cd44d9-77a5-40bd-8f63-b9e1b1b52f9a,Clinician
346f6135-0c48-4f0f-8717-9af401082fd5,Clinician
9367e323-624b-427b-bc96-7aae1247503f,Clinician
9367e323-624b-427b-bc96-7aae1247503f,Lab
9367e323-624b-427b-bc96-7aae1247503f,Nurse
9367e323-624b-427b-bc96-7aae1247503f,Superuser
63afc7fe-8507-405a-a2a5-16ea04cd213f,Clinician
63afc7fe-8507-405a-a2a5-16ea04cd213f,Superuser
06269ad0-1df0-417f-8b36-f93e45cc71ad,Clinician
2f50d41c-95d0-4296-9894-e667710979c0,Clinician
4aec0ef9-9039-4f96-b88b-af173488bc7e,Clinician
8f1d8fc5-d9fa-435d-bc19-31bcd9076d0c,Clinician
8f1d8fc5-d9fa-435d-bc19-31bcd9076d0c,Superuser
179ad756-1a56-4593-b617-bc011c4025b9,Clinician
f88c431b-8662-4ad5-9acd-b6ae8eb1802d,Clinician
f88c431b-8662-4ad5-9acd-b6ae8eb1802d,Superuser
b43e504f-292e-4320-8f4e-b3faa0d14070,Clinician
b43e504f-292e-4320-8f4e-b3faa0d14070,Superuser
86b1bcf3-3eb1-45cf-befd-263145861a9d,Nurse
86b1bcf3-3eb1-45cf-befd-263145861a9d,Superuser
3c8e4307-a793-4961-a936-3ad8198443d9,Clinician
3c8e4307-a793-4961-a936-3ad8198443d9,Superuser
f6c7de50-3e08-40ad-acde-a69adb35feb1,Clinician
f6c7de50-3e08-40ad-acde-a69adb35feb1,Superuser
c273f89d-bac1-4ce2-a0b1-186a91363f81,Clinician
e13b0e23-65f3-4faa-ad11-28cbe683fa09,Clinician
e13b0e23-65f3-4faa-ad11-28cbe683fa09,Superuser
fe0cc61e-6e62-4832-be5d-5b6fc18a3ac7,Clinician
fe0cc61e-6e62-4832-be5d-5b6fc18a3ac7,Lab
fe0cc61e-6e62-4832-be5d-5b6fc18a3ac7,Nurse
833b0cfa-9cc7-4d6d-8d6f-4a7dcddf6ab8,Registration Clerk
7f7ca6bb-b6bb-47b7-9234-a8b06d6ca648,Registration Clerk
6ed27c8e-2b09-4cd0-8039-685b64060de4,Registration Clerk
343a9425-7b8e-4e4d-a3bf-5ca01d95d31b,Registration Clerk
09815f8c-4b7c-4f2d-bf00-3d5486a1949b,Registration Clerk
11761885-a31f-4d61-a2f0-d41fd6678c2d,Registration Clerk
d715c9d8-1835-47d4-960d-2acf5541fc62,Registration Clerk
97a6a9f8-f0f1-4b7e-a23b-b0c2aaba0f08,Nurse
f888be7d-4f5c-40b7-8e16-b910d6207fc0,Nurse
92aa7fa9-68f7-4065-a811-35479afb2f31,Clinician
baee8087-5a77-431c-8bf1-5d62eb061969,Clinician
46519cc8-2abe-4144-9dc3-5f424c3dd560,Clinician
53e0dd13-2ac0-4a92-a904-450bc7ea2c98,Lab
80d8f7e9-b86c-463a-8b08-73122e9bd807,Pharmacist
483a6fc4-354b-4ef1-8e79-00b1d476f603,Lab
bf51ec23-7410-4cca-a3f7-348cdc52d3fa,Pharmacist
f3220279-f610-4f70-be05-4ab6de64352d,Pharmacist
2e998cd9-2a48-46df-b344-45096bfd91cb,Pharmacist
9286873a-3cc7-4de4-8b3d-d6493ff7b876,Pharmacist
e40982bd-ca8f-48b9-a458-01fff922aff1,Pharmacist
06e6324c-0979-4fe6-9efa-f27ff0044ef5,Lab
f1d006d4-ff85-4de4-9755-751f6c665d12,Lab
67c07728-d2e4-465d-8d6b-5d58be1e7a87,Lab
58cdaaf2-50f4-4a9e-b0ea-603b2476b86c,Lab
57d0fda2-b646-41a6-8079-2e25b1cb3c2f,Lab
a467faed-ff62-4ec8-be22-b15742acb353,Superuser
f8b5bbe5-755d-46cc-adda-0aa31090007f,Clinician
f8b5bbe5-755d-46cc-adda-0aa31090007f,Lab
34937af2-164b-4d21-bbc9-de1384aefd7d,Clinician
34937af2-164b-4d21-bbc9-de1384aefd7d,Lab
34937af2-164b-4d21-bbc9-de1384aefd7d,Nurse
f1c0059f-fd11-4a77-8a90-4acde63cc1d0,Clinician
bf30111e-cdd7-42f2-86a4-a703ba27d664,Clinician
bf30111e-cdd7-42f2-86a4-a703ba27d664,Lab
fc5ae918-417c-4fb0-8a2e-c9ba76bddf65,Clinician
fc5ae918-417c-4fb0-8a2e-c9ba76bddf65,Lab
fc5ae918-417c-4fb0-8a2e-c9ba76bddf65,Nurse
e9c2b9ba-81d1-46a4-8d9e-0c2ec8022228,Clinician
346b7f9d-5a55-406f-ab45-6b52aaba5877,Clinician
cd35460b-2768-4d97-b4f1-4e1b51790940,Clinician
09c22edd-af2a-41bb-bad0-e96d8e2f83f8,Clinician
d7fc013d-1dd4-41f5-b110-031e79c72168,Clinician
3f93579c-f5f2-4464-9731-84792deda9d3,Clinician
3f93579c-f5f2-4464-9731-84792deda9d3,Lab
09a8f6a3-0a08-40b6-b8e1-e87fab35a409,Clinician
76ed27e3-e89e-457e-a8f8-797dcb13779b,Clinician
76ed27e3-e89e-457e-a8f8-797dcb13779b,Lab
55b3f0ec-1fa5-4fa7-b854-e1902ce6fd75,Clinician
06d49461-3153-47df-b471-fa85fbf3bb40,Clinician
d100c853-8e8d-4c74-b9b6-4d14170c9d69,Clinician
7acd5afd-f3c1-4975-a32e-541776fc4b47,Clinician
b3743c3b-9a10-451b-86c2-aa4f05219fa5,Clinician
cadd3e14-e4de-4da2-ab09-d8ee4ceb5da7,Clinician
a2f26162-521a-4a39-a506-e38cd068116c,Registration Clerk
47b16c0e-b805-4d48-9250-319d70649ea6,Nurse
c7df65ea-a30f-4d57-be17-963714bc4e92,Pharmacist
13faa4bd-4705-43a7-b8c3-75b0a5ba5161,Nurse
f20ab4ae-976c-49db-942c-e48031f240e6,Nurse
c1488535-1f46-4a7a-944e-4e5d8915c6c2,Clinician
c0e3c53e-8b1f-4b12-8b1d-be728fbf03a5,Registration Clerk
0f2ca3f5-de00-4eb3-8c62-972133233f58,Clinician
4d77a4b6-f335-46e2-a698-677b3775930b,Lab
f056b11e-ac77-4f9f-a672-57983adf619f,Clinician
7d2a39a6-5079-40cb-83cb-2516dd86d24e,Registration Clerk
d40cc98c-a815-4831-8529-137814982a9f,Registration Clerk
64df5e3d-38da-479a-a70f-eb7c273a85b8,Lab
0fd74006-9b18-4205-a36a-7b5ebc68ae8f,Clinician
744b4eb9-77da-4f51-9716-f101945db1ba,Registration Clerk
afbbb707-6d74-4ed8-b7ac-8c352dbfda5c,Clinician
25c678b2-d208-40ad-9d42-8f236783367e,Clinician
ca2835b3-e2d6-4fc0-ae7f-3d8402355e52,Nurse
cfc18b2d-38ef-4e80-85a3-8c3408293580,Registration Clerk
dfbd828a-97fd-4b05-b677-b94cb7d932be,Clinician
74d17056-feee-4bec-9931-8ffd00187c99,Clinician
770472e0-43ff-4188-a036-d3cb8c19e7c0,General Registration Clerk
770472e0-43ff-4188-a036-d3cb8c19e7c0,Registration Clerk
2a5238fd-fc0b-4b0e-b9ca-e738939dfc9e,Nurse
b960be3e-7e07-4306-a80b-57afcce6d421,Clinician
9d77b6c3-57b0-4c63-b470-767c04e0bad4,Nurse
c5036ad0-24d9-4a85-bd7f-4abb005a645e,Lab
552d40c9-0bcc-426a-a25d-72aea86cdec5,Nurse
9b48e568-3805-462a-a7eb-22541585253d,Clinician
b2b6d993-fd79-4be7-bfe9-505ea75d9721,General Registration Clerk
b2b6d993-fd79-4be7-bfe9-505ea75d9721,Registration Clerk
c8e0b775-ebf1-4e9a-9014-70efb325dee3,Nurse
95446454-9975-4990-aeb6-0a656b8abde0,Pharmacist
460f8388-e464-411e-a01d-94d46d111e14,Nurse
106e8e32-8ba5-46ae-88db-f1f5612254d3,Nurse
98bb55fe-1eef-442b-b70c-20caf90b8635,Lab
f3665c51-c98a-4c59-b5e9-e40ed529d890,Nurse
9537efbb-5cf2-4f82-97c4-e2fd938424c3,General Registration Clerk
9537efbb-5cf2-4f82-97c4-e2fd938424c3,Registration Clerk
05360fd9-aead-483b-9625-378493329886,General Registration Clerk
32d1c552-0f6c-45f7-a54a-89be4cd6d75e,Clinician
05045665-47e3-4f0a-af73-6c59da8a190f,Pharmacist
101d3b2f-a7ad-48c6-abe8-ec710eabd1b6,Clinician
1c273abe-7628-41dc-b5c0-03fcfd4c7c34,Clinician
882efb63-f12f-42fa-9289-c2c882ba13e9,Lab
36c4437c-80de-4093-9884-215abbb20ce7,Lab
b8cbd0e2-edfa-4957-9475-7949b8bfa4e5,General Registration Clerk
5a85c997-b664-4b25-9d5d-685196ed7187,General Registration Clerk
61bec057-bbba-4e3d-9f28-c48fb67ae80f,Data Manager
61bec057-bbba-4e3d-9f28-c48fb67ae80f,Registration Clerk
03749c79-657f-40a3-8f86-126dc5348bb0,Nurse
5007e35e-41fc-48ea-a6e3-23607d4278a4,Nurse
e6b80e62-d815-479e-b6d8-3acafda19cb5,Clinician
bcb9a553-8c08-4378-b7c3-d491d82f8647,Clinician
ee14a4d6-dac2-4312-870c-0c35e333ea36,Clinician
8501b173-a6f7-49a1-a87a-4f983aa0ce82,Clinician
9c058571-a16c-45f5-910a-915ed7e759ac,Nurse
706b068e-a506-43c1-82fd-cf4d7f5d0a3a,Nurse
310d64fb-8a1f-4f93-90e4-63d86aacf18d,Pharmacist
fe542d54-964c-48be-9883-c92a982108fc,Nurse
336661d9-5c67-46e4-b950-fe04852aedbd,Clinician
267dd9ce-b63e-49d3-96cc-55c9397eecc7,HMIS lab order
267dd9ce-b63e-49d3-96cc-55c9397eecc7,Lab
b7a641db-1ec8-4431-bdaf-4c770c0aeaef,Nurse
8d6a7c0c-0c98-4569-8c38-f709c4d949fc,Clinician
0dfe9439-26b2-40c8-905c-a5e5da5d02a8,Clinician
0dfe9439-26b2-40c8-905c-a5e5da5d02a8,Doctor
bc1d5ec7-c6f6-44b4-a0f3-2ff5d7707809,Nurse
f6bbf91e-e336-4086-bbe7-b11e843cd507,General Registration Clerk
caad6992-35d0-4680-b222-b30490ba8603,General Registration Clerk
caad6992-35d0-4680-b222-b30490ba8603,Registration Clerk
a216c778-b39d-405c-b3d4-58c8236aeb74,Nurse
103504ba-4a06-4d49-a4ed-607c88398d38,General Registration Clerk
3432bd66-0842-44d8-867a-622f1a6016c7,Nurse
bb244444-91a1-49a8-ac89-c1ea614f63d0,Pharmacist
650f85cc-4a37-482c-a6ed-ce7cdb7c2f31,Lab
cde22ed4-1cf7-4a5d-80bc-cb8bc343ba23,Clinician
7607fee5-4231-473d-b468-e9b9d1e84bfe,General Registration Clerk
7607fee5-4231-473d-b468-e9b9d1e84bfe,Registration Clerk
62436952-31cf-47d1-80d2-be402c770545,Registration Clerk
a8198894-64ea-4233-9dd4-6510f3fe592f,Lab
6e2e7255-d0d5-4ad2-a37e-0d8752e11eb1,Pharmacist
5da5866c-7e3e-4d20-8b00-017911071044,Lab
bd13186e-e1da-4a7d-9c28-81f6b8d4e2d2,Clinician
e3f0eebd-e54d-43ae-99e9-b4c2d52cbc4b,Clinician
9d5ceb6d-e64d-4fee-8844-f1ab5cc19fde,Nurse
5cea8b18-d147-4082-85aa-c3a233dd2563,Lab
bdf34885-fdf2-4e0e-a18f-c6b872ba33e1,Pharmacist
78e30fc4-eb61-411d-97d7-040fed95cd08,Lab
71c3894d-f867-47d3-838a-abc01e2f69f1,General Registration Clerk
8e9395e1-674c-4ce7-8c43-7ef286655365,Lab
a6ee75c6-30e7-46ea-87f5-291ec68637b1,Nurse
1ff6668c-92fc-4224-af65-49334fef6fee,Clinician
1ff6668c-92fc-4224-af65-49334fef6fee,Data Manager
1ff6668c-92fc-4224-af65-49334fef6fee,General Registration Clerk
1ff6668c-92fc-4224-af65-49334fef6fee,Registration Clerk
d1517b46-aae0-4c70-941f-30338b09b2ec,Data Manager
e7852fbe-1a32-4515-a733-ea8f619acbc7,Nurse
21512f6d-a5ca-45eb-85a7-0ea8c01ac656,General Registration Clerk
b2c1c004-252f-46b9-b195-4b0ec526927c,Pharmacist
7932fe35-a5a9-4d53-a301-221be68b6f8e,Clinician
7932fe35-a5a9-4d53-a301-221be68b6f8e,General Registration Clerk
7932fe35-a5a9-4d53-a301-221be68b6f8e,Lab
7932fe35-a5a9-4d53-a301-221be68b6f8e,Pharmacist
7932fe35-a5a9-4d53-a301-221be68b6f8e,Superuser
6b83d563-260c-4212-9140-25ddc674a299,Pharmacist
9c2640ab-7bb8-4d8c-95eb-be119716eff4,Pharmacist
d3d83189-6c59-46d0-8c10-bb557278e54f,Lab
59d8dd33-8948-4ae0-bfb2-68cff6f5dda8,Nurse
22cdcfac-31cd-444d-8d54-bd0dc2bf73ef,General Registration Clerk
56a68e9b-ab43-4313-b7f2-40ce6882148c,General Registration Clerk
141e23a1-abaf-4aae-b2fe-0c843e0835d1,Lab
69addb31-0091-4517-acf0-dae1d43cd9d1,Clinician
23562f44-aa35-4ba8-8bd0-66dd11d42da6,Nurse
9c150e09-faec-4ba0-a6f2-c5b790c5842d,Clinician
6af80a8f-2786-4051-a5b2-a0b492e3772c,Lab
fdc6a19b-ee91-4390-9713-963aefdec7c6,Registration Clerk
804d42b5-2137-4414-9f4a-701fec27b1e3,Pharmacist
304e9b08-9e3d-42c0-803f-f7f33610b3dc,Clinician
d605768f-2515-4626-b746-550f4148b773,Clinician
d605768f-2515-4626-b746-550f4148b773,Lab
5b9764bd-cd55-4d69-9efe-ea41628140f5,Clinician
5b9764bd-cd55-4d69-9efe-ea41628140f5,Lab
b2ccbe38-378b-41af-a5be-67caa589d3a5,Clinician
b2ccbe38-378b-41af-a5be-67caa589d3a5,Lab
91cad5bb-8d65-457b-9680-68079a190ed8,Registration Clerk
364de3c0-e0c9-4d74-ad93-293f72a3fe27,Clinician
5e541243-7bd1-4110-b86f-5bc75f0328d6,Clinician
89d63623-f444-4fc0-a305-9c1159807843,Clinician
81e136c7-ff0d-4655-b4c3-a5d074989ae3,Clinician
81e136c7-ff0d-4655-b4c3-a5d074989ae3,Lab
81e136c7-ff0d-4655-b4c3-a5d074989ae3,Pharmacist
a6ba9abc-ba08-4d98-a438-0c5aa6000349,Clinician
a6ba9abc-ba08-4d98-a438-0c5aa6000349,Lab
5250bcce-96ee-44e6-a213-34ff2fea3999,Nurse
742f93c0-6b82-4dd8-a727-71a28c5cf028,Clinician
742f93c0-6b82-4dd8-a727-71a28c5cf028,Lab
c470aa30-b400-4d6f-a571-9bc106193765,Clinician
c470aa30-b400-4d6f-a571-9bc106193765,Pharmacist
2ffc0b08-8707-430d-99bd-e1ae9d0e0660,General Registration Clerk
ec6161dd-d74e-4194-b5d6-37fc6b62ac1c,Clinician
6bcf917b-81ac-4d0a-a674-5750a7ab49ca,Registration Clerk
d687243a-682f-48a5-9dc7-ce099b91b968,Registration Clerk
d1bfa549-d376-4676-8902-5c39b085e676,Clinician
d1bfa549-d376-4676-8902-5c39b085e676,Lab
c485d024-1e83-4779-9a59-100e1c5b417a,Clinician
c485d024-1e83-4779-9a59-100e1c5b417a,Lab
078e3cf2-c365-4373-b625-587384658ae9,Clinician
078e3cf2-c365-4373-b625-587384658ae9,Lab
43047e6d-47eb-4ff5-aeb6-3e86635caafb,Clinician
43047e6d-47eb-4ff5-aeb6-3e86635caafb,Lab
4796bf89-a9ee-44eb-b654-aa7de4a7b203,Clinician
4796bf89-a9ee-44eb-b654-aa7de4a7b203,Lab
c9e9da88-b3e8-4e56-9780-d24ef3dc7f69,Clinician
c9e9da88-b3e8-4e56-9780-d24ef3dc7f69,Lab
808458ff-3849-435d-9db9-0e49f684bf66,Clinician
808458ff-3849-435d-9db9-0e49f684bf66,Lab
8cc2e233-29c8-4314-aae0-559180fbc5c0,Clinician
8cc2e233-29c8-4314-aae0-559180fbc5c0,Lab
cd3aaa9a-df68-4005-97fd-8fc0a4fde075,Clinician
cd3aaa9a-df68-4005-97fd-8fc0a4fde075,Lab
b550809f-36dc-47f3-b476-c70932634e78,Clinician
683dc036-6d82-433f-b720-a73cfd9ee1f6,General Registration Clerk
1503d36f-bc7c-4fb0-9d60-148a293b8c7e,Nurse
ecb1a496-d8ee-4982-8979-2a4615c184f2,Nurse
fcd5d37f-806a-4226-9d89-0cb99d1bfc29,Nurse
1e75f265-693e-49ed-9347-d0b74eea7ded,Nurse
a28c25e6-1f8d-40e4-9117-45eed36d5248,Nurse
4d490500-d085-4ee6-b9c4-ae96f60fa707,Clinician
371d79c1-1800-4628-a43f-98b5d94903a0,Registration Clerk
487be3f5-18d4-4cf3-a6d3-ede5120e8a71,Registration Clerk
5dd10c5d-7f73-45fe-8670-ea654b122144,Lab
4c73f77d-1f1d-4da0-8737-95d36d8b10a7,Lab
8b421bee-fa7f-49ea-ab95-bac5510ffbe1,Pharmacist
81581029-a943-4c4b-8934-54562e89dc9f,Clinician
c6c3a58d-9645-4e8d-a4ff-69ac0a115422,Registration Clerk
a2103860-8f2f-4adc-9c3d-5ced95fddc4f,Nurse
f151aef7-46d9-4743-a31f-16aa63915433,Clinician
dd7d36ee-2a95-48ee-854f-054c95c94e31,Nurse
01829866-745d-4c36-8a1e-352e45dae2a6,Clinician
9666cf9b-b2b3-4353-94cc-4766f8c26194,Lab
9f65f29a-bb18-444b-bca8-24262df989b4,Lab
1d8e74f2-5cf7-43b9-bdf0-dbddb757ce0c,Clinician
36407043-0158-4a23-8fb1-6256f9c9c1ed,Nurse
46d609a0-a9af-4e0e-acc1-3ce1846af60d,Registration Clerk
ca1be490-451f-45b8-a6c8-69b21ab2a174,Registration Clerk
de27942c-6862-4b58-96fc-c6d511e93a45,Lab
817b2263-dc94-4b1b-9dde-7b13124446a7,Nurse
cb6b620f-e60d-4c9a-8f02-aea98284ec3f,Clinician
9eafed9e-a690-407e-be6e-b4159e550136,Clinician
49423f32-7616-45bb-a5fa-2d9e341f2e02,Clinician
3734b2e3-81a1-4112-b565-3836cf5a277e,Lab
0e0261cb-f082-4112-a052-6a1830a91b7b,Clinician
efd9951a-6865-4fc2-b57d-27e3a60903ef,Clinician
7c8f2dbb-45c4-41e8-822e-bf5e03ea4b92,Lab
f226e1c6-472a-44bc-a583-2bae93a13afb,Clinician
ef161d86-3f87-41e6-97bd-065075d7234a,Lab
301a221e-803f-4670-8063-85642131e6d7,Lab
2b508772-114c-4b56-8c5e-9fab67e30898,Lab
528387de-6534-4754-af3e-69314d79caa1,Clinician
0067243a-d0f9-45ce-8b63-009fa564c8ba,Pharmacist
d94582f4-451e-4bc0-992e-44ecbbd22f71,Pharmacist
792c9a22-25ef-4da8-a371-1f7f7710a38e,Clinician
d822ed01-01f5-4eb3-94e3-27a109d72c5b,Pharmacist
1feeebe0-6df3-49ba-8e8d-9f69564b1140,Clinician
39d71ffe-e211-4fd5-a097-ca17aff8c29e,Clinician
c1b467d2-c543-44c0-b1a2-fec69ca669a7,Pharmacist
73f243a8-6d4a-4753-87b5-ef5e42c8c3f1,Clinician
f5ced044-6048-4fbe-821e-225ca590fbe8,Pharmacist
1ef8dde9-8e03-4528-9bf6-658cd823108f,Lab
95d41313-9132-4097-9cd3-1e6f5f940f13,Lab
42b3aec2-2112-4914-8ae0-d70e1b395b1b,Clinician
d2956908-97d5-40c5-be32-3105c53a351a,Clinician
c808d61f-c4ca-408d-928f-c8802671bdef,Nurse
6f636d7f-67d8-4d2b-b982-e091e2ff48bf,Clinician
ab45bf5f-3b06-4146-89dd-ff909b15e602,Clinician
a05acea4-be1a-4a07-b30e-a49a047553e7,Clinician
1708bacd-2b87-48b1-8a99-3cabb1ffb513,General Registration Clerk
81ed0746-34cb-4a14-99dc-a02360e90024,General Registration Clerk
1b7cc952-90de-461b-9a23-a2a21f0b4add,General Registration Clerk
1b7cc952-90de-461b-9a23-a2a21f0b4add,Registration Clerk
f7f3261a-8f8f-4405-a1f6-fe04c3ac1cf6,General Registration Clerk
f7f3261a-8f8f-4405-a1f6-fe04c3ac1cf6,Registration Clerk
e09ec1f3-fab2-4a0a-8115-8cba572c335b,Clinician
7cefdf60-0b33-464e-b08d-33d2a0afd352,Pharmacist
af694402-8e7d-4118-b8f0-ca6e83acae4b,Nurse
685b6da0-3ab9-49b3-8e3a-8ac46bbe6c57,Clinician
685b6da0-3ab9-49b3-8e3a-8ac46bbe6c57,Nurse
c563f942-cb3c-48db-bbdf-5f3c5e11a78e,Clinician
c563f942-cb3c-48db-bbdf-5f3c5e11a78e,Nurse
4e1928e5-5c4b-4ddb-aef1-926413ff7da8,Nurse
26452ea0-1d34-4602-9b2e-c509e1f83d64,Clinician
26452ea0-1d34-4602-9b2e-c509e1f83d64,Nurse
69370836-78dc-4f37-a30b-17a57e5c59c8,General Registration Clerk
69370836-78dc-4f37-a30b-17a57e5c59c8,Registration Clerk
53289185-a224-4566-80f7-24bea1f54e4b,HMIS lab order
53289185-a224-4566-80f7-24bea1f54e4b,Lab
95965570-7181-4540-a0fc-5cb70ca4e835,HMIS lab order
95965570-7181-4540-a0fc-5cb70ca4e835,Lab
68cfb809-1676-4709-8daa-5845cbca6a15,General Registration Clerk
68cfb809-1676-4709-8daa-5845cbca6a15,Registration Clerk
597d835a-08d9-4d9f-b7e5-80d92b4b58e1,Clinician
6d57aadb-fdda-4005-9a50-5724bc8c6dcc,Clinician
fc74cf0c-08a8-415d-b28a-33f470e18015,Clinician
1011fd93-9e63-4dbe-9bc6-18d67844dc5f,Lab
8e4755ce-4dc3-4be2-9bc7-be043bd54bf7,General Registration Clerk
8e4755ce-4dc3-4be2-9bc7-be043bd54bf7,Registration Clerk
6d368e6b-cf83-46d2-95c2-a245c81c9234,General Registration Clerk
6d368e6b-cf83-46d2-95c2-a245c81c9234,Registration Clerk
d681aa74-c68e-484f-b233-a5ecc9f1cce2,Clinician
fdbe56a8-2ca7-499b-99d9-d0a9ab1083e0,Clinician
2296ce72-5d36-4f10-baf1-7f323d8ca112,Nurse
a22e47fa-57c5-480b-9717-095f36622ebd,Nurse
41cb4dfa-bd12-4253-a423-8e2fcbba87d4,Clinician
a3379110-6ea7-489c-9456-c8a9fef8a6c9,Clinician
a3379110-6ea7-489c-9456-c8a9fef8a6c9,Doctor
d2afe07a-6672-45ad-8636-0a072f4880bc,Lab
70ab99d0-3eab-4733-aa0c-11be8062adb7,Clinician
d0574032-fa22-4681-9020-402f2e1b1f34,Clinician
d0574032-fa22-4681-9020-402f2e1b1f34,Doctor
52e0d985-1073-4b2d-bb4a-d5100f30c5c2,Pharmacist
132d682f-463e-4e51-b7f4-834172f46f90,Clinician
0f4231ee-7e16-403d-aa37-ecc1712a36dc,Nurse
54e78cae-e974-484a-aa84-cecea3095888,Registration Clerk
ad2cf4a0-0212-41eb-bec9-cd95e87ab8a8,Clinician
a0d28516-0ab7-4be4-9a18-f14229c858d4,Nurse
91640f0c-4c49-479f-81a4-0517021a53fc,General Registration Clerk
91640f0c-4c49-479f-81a4-0517021a53fc,Registration Clerk
e50bf39e-8539-4e8b-83fc-ac5dfa339853,Clinician
edff312a-f098-4262-8010-1962d93807e2,General Registration Clerk
2609da06-f96d-4680-a080-d5ddefca4f8e,Pharmacist
7ef9a3d1-66e2-452a-a292-d4f5a7ae5223,Lab
ba6d56aa-2c01-459d-b183-fa0171f769f6,Clinician
099a009c-e370-446d-9471-944fe61cedfe,Nurse
f01f04ba-8447-43db-945e-626ff22e3e0c,Nurse
28ebd1ef-0c8e-4c4e-bf13-ccd752bf7a54,Nurse
ed631a20-99ac-4bb6-b404-a2cf89507ec7,Lab
805fbdfa-1ecc-4b46-9f81-757ecd3d2a60,Clinician
2f812806-f95c-4c82-a34b-63537cc361fd,Lab
585105bb-c18d-4e9e-ba3a-24f5d4f4e087,Clinician
585105bb-c18d-4e9e-ba3a-24f5d4f4e087,Nurse
585105bb-c18d-4e9e-ba3a-24f5d4f4e087,Registration Clerk
585105bb-c18d-4e9e-ba3a-24f5d4f4e087,"Superuser,Superuser,"
61e0d63a-5a49-4ea9-b6f8-8455ce1fa14f,Registration Clerk
73f98d4a-2f46-4d74-af41-30b8dc29c6ab,Nurse
96b3e191-e091-403b-ace9-a055761b20ba,Nurse
70e16f1d-f13f-451b-b162-76fc5a72de62,Clinician
cb2feb80-8cc7-4cc1-9271-f7e25a127a92,Nurse
0d27dc21-e02d-48d9-8f78-31adb4d211d4,Nurse
1b37e141-8351-4fd1-b89b-e799cc4848ea,Clinician
63a7ab37-8303-4790-9763-38e41115828c,Clinician
f2341325-7686-4dac-80ba-b58eb787ac55,Registration Clerk
6bfb6491-9d4e-4f7e-85b6-ac273c85dbce,Pharmacist
40674270-ecd8-46e2-8644-58df1aa6ff89,Registration Clerk
9c21ef05-a087-4cf3-ac99-e934f7fe63a6,Lab
4bc3d28e-277b-49b1-ae92-042450292930,Registration Clerk
7281be90-0138-44d3-b2fd-aec4aaa9fd81,Registration Clerk
b5443926-5a15-46a9-864a-02b449b713a9,Clinician
31e942f7-0e80-47bf-9a0c-11cf8d72fdb5,Lab
945ee0e0-223b-4bf1-945f-39a37dc182e6,Nurse
1521c046-ec4d-49ae-861b-da26fa208ed4,Nurse
86ed1cc0-ab22-40d0-9717-90a38c13fb72,Registration Clerk
3c5beea7-f186-40d1-8fbe-ac2ee24b6a59,Clinician
06885062-4516-481a-b8c0-ca137fffdca5,Pharmacist
9c37809f-145d-4dd2-b189-97db1ca0dcda,Pharmacist
17965751-ae46-4b30-947e-24fe3a110e41,Pharmacist
139ab723-e28f-4923-bb7d-a7d2907522c1,Pharmacist
33cb2efb-51e6-477f-a10b-403e06224b75,Clinician
33cb2efb-51e6-477f-a10b-403e06224b75,General Registration Clerk
33cb2efb-51e6-477f-a10b-403e06224b75,Lab
33cb2efb-51e6-477f-a10b-403e06224b75,Nurse
33cb2efb-51e6-477f-a10b-403e06224b75,Pharmacist
48f542f1-1203-4686-b16d-c0a717efa9c0,Clinician
48f542f1-1203-4686-b16d-c0a717efa9c0,General Registration Clerk
48f542f1-1203-4686-b16d-c0a717efa9c0,Lab
48f542f1-1203-4686-b16d-c0a717efa9c0,Nurse
19ce078e-5f45-473c-a657-5b521f2cea0b,Clinician
19ce078e-5f45-473c-a657-5b521f2cea0b,General Registration Clerk
19ce078e-5f45-473c-a657-5b521f2cea0b,Lab
19ce078e-5f45-473c-a657-5b521f2cea0b,Pharmacist
c39a0373-ced7-4fa0-8ae3-24d1810cd46f,Clinician
c39a0373-ced7-4fa0-8ae3-24d1810cd46f,General Registration Clerk
c39a0373-ced7-4fa0-8ae3-24d1810cd46f,Lab
c39a0373-ced7-4fa0-8ae3-24d1810cd46f,Nurse
256f78f3-e364-4350-88c8-9e1e9802e4a2,Clinician
256f78f3-e364-4350-88c8-9e1e9802e4a2,General Registration Clerk
256f78f3-e364-4350-88c8-9e1e9802e4a2,Lab
256f78f3-e364-4350-88c8-9e1e9802e4a2,Nurse
9005c6c5-df96-4d6a-976a-157cb45a69b4,Clinician
9005c6c5-df96-4d6a-976a-157cb45a69b4,Lab
9005c6c5-df96-4d6a-976a-157cb45a69b4,Nurse
9005c6c5-df96-4d6a-976a-157cb45a69b4,Pharmacist
9005c6c5-df96-4d6a-976a-157cb45a69b4,Registration Clerk
0af89f12-0537-4718-968a-6396bc579778,Clinician
0af89f12-0537-4718-968a-6396bc579778,General Registration Clerk
0af89f12-0537-4718-968a-6396bc579778,Lab
0af89f12-0537-4718-968a-6396bc579778,Nurse
0af89f12-0537-4718-968a-6396bc579778,Pharmacist
31f332dc-f8ef-4ec3-870f-09aff3be453f,Clinician
31f332dc-f8ef-4ec3-870f-09aff3be453f,General Registration Clerk
31f332dc-f8ef-4ec3-870f-09aff3be453f,Lab
31f332dc-f8ef-4ec3-870f-09aff3be453f,Nurse
31f332dc-f8ef-4ec3-870f-09aff3be453f,Pharmacist
503503b4-2d2d-4a81-8eb8-ae6d9a9ec0f9,Clinician
503503b4-2d2d-4a81-8eb8-ae6d9a9ec0f9,General Registration Clerk
503503b4-2d2d-4a81-8eb8-ae6d9a9ec0f9,Lab
503503b4-2d2d-4a81-8eb8-ae6d9a9ec0f9,Nurse
503503b4-2d2d-4a81-8eb8-ae6d9a9ec0f9,Pharmacist
806fa255-393a-407d-9ba4-9c8c7b4483cd,Clinician
806fa255-393a-407d-9ba4-9c8c7b4483cd,General Registration Clerk
806fa255-393a-407d-9ba4-9c8c7b4483cd,Lab
806fa255-393a-407d-9ba4-9c8c7b4483cd,Nurse
806fa255-393a-407d-9ba4-9c8c7b4483cd,Pharmacist
9c52c0a0-c56c-4a63-a181-040e3e7a2dd0,Lab
3f21b24e-701c-4152-839f-c0fa49bbfad9,Nurse
03d723e5-152b-4b5e-9b87-6dae280a516b,Clinician
9c7a3ddc-7822-4a76-84d3-69c3a0e31567,General Registration Clerk
83dc223d-7a49-4c25-8639-a0b2db710e3f,General Registration Clerk
2f1b606f-7a15-43e1-8654-92a3884995f2,Clinician
2f1b606f-7a15-43e1-8654-92a3884995f2,General Registration Clerk
2f1b606f-7a15-43e1-8654-92a3884995f2,Lab
2f1b606f-7a15-43e1-8654-92a3884995f2,Nurse
d8194d81-822c-4415-9fa5-62df81bf1f19,Clinician
024e58de-26e8-4664-b82d-74e3bf725380,Clinician
20764de4-c03a-4ef9-911c-52ac56367d47,Clinician
09b72fb9-391d-46c7-99ce-35e852a9ea8b,Lab
1f667dbc-d16e-4834-a8d2-4afe51881ead,Clinician
6e2a0494-5f2f-4561-9d05-6b7a49ecdadf,Clinician
d6ca5f39-e3c0-41fc-afe0-8af4c60e97d1,General Registration Clerk
d6ca5f39-e3c0-41fc-afe0-8af4c60e97d1,Lab
d6ca5f39-e3c0-41fc-afe0-8af4c60e97d1,Nurse
03ad7f5b-f79f-4b25-974f-87e8fefa4ac2,Superuser
73b4d2e0-b119-482e-a407-024c0c5a9dea,General Registration Clerk
bd85fe1c-95df-4b58-88be-b44448aa50f3,Superuser
bd85fe1c-95df-4b58-88be-b44448aa50f3,"Superuser,Superuser,"
b9020f9f-a352-4e4b-9841-bb72c8f177c6,Clinician
b9020f9f-a352-4e4b-9841-bb72c8f177c6,General Registration Clerk
b9020f9f-a352-4e4b-9841-bb72c8f177c6,Lab
b9020f9f-a352-4e4b-9841-bb72c8f177c6,Nurse
b9020f9f-a352-4e4b-9841-bb72c8f177c6,Pharmacist
702ca6a7-6e35-4ef3-9a2d-474a2303971c,Clinician
702ca6a7-6e35-4ef3-9a2d-474a2303971c,General Registration Clerk
702ca6a7-6e35-4ef3-9a2d-474a2303971c,Lab
702ca6a7-6e35-4ef3-9a2d-474a2303971c,Nurse
702ca6a7-6e35-4ef3-9a2d-474a2303971c,Pharmacist
6748b6cf-789f-4695-bd68-272bf5ad7c26,Clinician
6748b6cf-789f-4695-bd68-272bf5ad7c26,General Registration Clerk
6748b6cf-789f-4695-bd68-272bf5ad7c26,Lab
6748b6cf-789f-4695-bd68-272bf5ad7c26,Nurse
6748b6cf-789f-4695-bd68-272bf5ad7c26,Pharmacist
28fc307f-7748-4780-96f5-6fe85a972173,Clinician
28fc307f-7748-4780-96f5-6fe85a972173,General Registration Clerk
28fc307f-7748-4780-96f5-6fe85a972173,Lab
28fc307f-7748-4780-96f5-6fe85a972173,Nurse
28fc307f-7748-4780-96f5-6fe85a972173,Pharmacist
b14169c9-f0bb-4e76-894e-4ff2ceee8fe1,Clinician
b14169c9-f0bb-4e76-894e-4ff2ceee8fe1,General Registration Clerk
b14169c9-f0bb-4e76-894e-4ff2ceee8fe1,Lab
b14169c9-f0bb-4e76-894e-4ff2ceee8fe1,Nurse
b14169c9-f0bb-4e76-894e-4ff2ceee8fe1,Pharmacist
440fce7a-06f1-44a4-8383-fc23b711587c,Clinician
440fce7a-06f1-44a4-8383-fc23b711587c,General Registration Clerk
440fce7a-06f1-44a4-8383-fc23b711587c,Lab
440fce7a-06f1-44a4-8383-fc23b711587c,Nurse
440fce7a-06f1-44a4-8383-fc23b711587c,Pharmacist
5141c65b-dee3-47ee-8f17-c7b28c312995,Clinician
5141c65b-dee3-47ee-8f17-c7b28c312995,General Registration Clerk
5141c65b-dee3-47ee-8f17-c7b28c312995,Lab
5141c65b-dee3-47ee-8f17-c7b28c312995,Nurse
5141c65b-dee3-47ee-8f17-c7b28c312995,Pharmacist
cafb8f6c-7397-4bcb-9bf2-bf68c3caa58f,Clinician
cafb8f6c-7397-4bcb-9bf2-bf68c3caa58f,General Registration Clerk
cafb8f6c-7397-4bcb-9bf2-bf68c3caa58f,Lab
cafb8f6c-7397-4bcb-9bf2-bf68c3caa58f,Nurse
cafb8f6c-7397-4bcb-9bf2-bf68c3caa58f,Pharmacist
01d45c32-21ef-4f98-b260-707b10dba98a,Clinician
01d45c32-21ef-4f98-b260-707b10dba98a,General Registration Clerk
01d45c32-21ef-4f98-b260-707b10dba98a,Lab
01d45c32-21ef-4f98-b260-707b10dba98a,Nurse
01d45c32-21ef-4f98-b260-707b10dba98a,Pharmacist
b9a65784-83ab-487e-b916-e038803204ed,Clinician
b9a65784-83ab-487e-b916-e038803204ed,General Registration Clerk
b9a65784-83ab-487e-b916-e038803204ed,Lab
b9a65784-83ab-487e-b916-e038803204ed,Nurse
b9a65784-83ab-487e-b916-e038803204ed,Pharmacist
1eb03795-2f3a-4673-8ec7-dd815e4206f0,Clinician
1eb03795-2f3a-4673-8ec7-dd815e4206f0,General Registration Clerk
1eb03795-2f3a-4673-8ec7-dd815e4206f0,Lab
1eb03795-2f3a-4673-8ec7-dd815e4206f0,Nurse
1eb03795-2f3a-4673-8ec7-dd815e4206f0,Pharmacist
bff92d78-8f03-4f14-8b6e-fd3151378900,Clinician
bff92d78-8f03-4f14-8b6e-fd3151378900,General Registration Clerk
bff92d78-8f03-4f14-8b6e-fd3151378900,Lab
bff92d78-8f03-4f14-8b6e-fd3151378900,Nurse
bff92d78-8f03-4f14-8b6e-fd3151378900,Pharmacist
6ef497ec-a986-45e1-a89c-4d0290821504,Clinician
6ef497ec-a986-45e1-a89c-4d0290821504,General Registration Clerk
6ef497ec-a986-45e1-a89c-4d0290821504,Lab
6ef497ec-a986-45e1-a89c-4d0290821504,Nurse
6ef497ec-a986-45e1-a89c-4d0290821504,Pharmacist
c7d14e2f-c90b-49f6-8db2-d0612e49d3d9,Clinician
c7d14e2f-c90b-49f6-8db2-d0612e49d3d9,General Registration Clerk
c7d14e2f-c90b-49f6-8db2-d0612e49d3d9,Lab
c7d14e2f-c90b-49f6-8db2-d0612e49d3d9,Nurse
c7d14e2f-c90b-49f6-8db2-d0612e49d3d9,Pharmacist
a279be99-89e9-4fd6-8322-50fc8895b3c8,Clinician
a279be99-89e9-4fd6-8322-50fc8895b3c8,General Registration Clerk
a279be99-89e9-4fd6-8322-50fc8895b3c8,Lab
a279be99-89e9-4fd6-8322-50fc8895b3c8,Nurse
a279be99-89e9-4fd6-8322-50fc8895b3c8,Pharmacist
4cb4e900-c9d3-4043-bf15-b3b75c9abc48,Clinician
4cb4e900-c9d3-4043-bf15-b3b75c9abc48,General Registration Clerk
4cb4e900-c9d3-4043-bf15-b3b75c9abc48,Lab
4cb4e900-c9d3-4043-bf15-b3b75c9abc48,Nurse
4cb4e900-c9d3-4043-bf15-b3b75c9abc48,Pharmacist
ae5af418-e544-4ac0-b92a-00319b3d444d,Clinician
ae5af418-e544-4ac0-b92a-00319b3d444d,General Registration Clerk
ae5af418-e544-4ac0-b92a-00319b3d444d,Lab
ae5af418-e544-4ac0-b92a-00319b3d444d,Nurse
ae5af418-e544-4ac0-b92a-00319b3d444d,Pharmacist
da0e043b-5b5f-4e80-b367-03f18007ccf9,Clinician
da0e043b-5b5f-4e80-b367-03f18007ccf9,General Registration Clerk
da0e043b-5b5f-4e80-b367-03f18007ccf9,Lab
da0e043b-5b5f-4e80-b367-03f18007ccf9,Nurse
da0e043b-5b5f-4e80-b367-03f18007ccf9,Pharmacist
c78394f2-d26a-44b5-8bec-b815823156ff,Lab
93f9641f-aa5d-451c-9a73-92d5bccf3a41,Registration Clerk
ae8877bf-97f1-434e-8abe-2092b83117f2,Registration Clerk
e6063776-069f-4ffe-aa8a-ea7004fe52a5,Pharmacist
65d28136-4693-424e-86e9-2a0c7ce04c47,Nurse
f0f357d3-f3cf-4a40-a0f8-156118920fd5,Pharmacist
fa5410aa-81af-402c-a651-bd1a7490b997,Lab
83569b9d-1bf5-4285-b68c-ce5ea39f90e1,Nurse
8d016adc-15a2-4077-9a8b-fe8a32f901dd,Nurse
089941d3-a75a-4f0c-9c03-94c90668b791,Nurse
749e90e3-2c0e-4e25-9cfa-4a0a6dd8e695,Nurse
eb2d1187-1bfe-466a-b438-46efbea5c0b3,Nurse
a6ed5ac4-b746-475f-b927-5b5425c26a93,Clinician
ae323bd1-f351-4ed1-803d-444534cbaa56,Nurse
d1f59cdd-3d07-4a90-bb44-8a189f976b91,Clinician
8a8ce53f-f22c-43c3-b9a1-fe03fa3e19af,Pharmacist
17770079-b056-4bba-813a-7216a08e17fb,Lab
73d75759-c7dc-4e4b-970c-c7bc82e747b5,Lab
0c2d9038-fd4b-46d4-96b7-b6e0b9cdf094,Clinician
2110a0d9-e877-4fe2-bf4c-bdb4e5046ca3,Nurse
8dd86d08-eac7-42e0-8495-ae132f72fe9a,Registration Clerk
6cfbaf5e-84b7-4b19-8cc5-e260a69bf965,Pharmacist
7c7af97e-1580-4357-98fd-95319d7c0544,Clinician
cdf68233-dbb3-47d8-9b42-550469f99285,Lab
5ca77fcc-e73e-4a25-8407-fbdade873260,Nurse
e9325e69-ce84-4abf-b974-f30f212bc7ca,General Registration Clerk
e9325e69-ce84-4abf-b974-f30f212bc7ca,Registration Clerk
d9c49e35-236d-40eb-8979-02445c438a31,Lab
d44c6734-8b5d-4d0a-b041-8c8e9379a4c6,Nurse
3795c108-d721-407d-98e8-161c5a5bcab7,Clinician
a11929e7-6302-4be9-9ed0-bd5fa7386a1d,Data Assistant
8c21e1a3-3560-4010-9cab-c721ce95c046,Clinician
ae658e9e-728e-4bdb-b224-3b5aad552176,Vitals Clerk
ececb664-d6b2-4c19-af2d-929bbfe9b183,General Registration Clerk
ececb664-d6b2-4c19-af2d-929bbfe9b183,Registration Clerk
5646ae99-fcf6-4b78-b46d-91ffa4841b07,General Registration Clerk
5646ae99-fcf6-4b78-b46d-91ffa4841b07,Registration Clerk
972824dd-105f-445c-af50-4ce1b5b37ecf,Clinician
adc83a97-3290-4b03-ada5-1e1599f26c5d,Lab
0f6546e1-ff77-4926-a563-b6a0926031a4,Clinician
c5e6fe8a-7560-48b5-9cf1-f95256e2a118,Clinician
9fa0b6ca-b0ca-4873-a045-08b62ee3f144,General Registration Clerk
9fa0b6ca-b0ca-4873-a045-08b62ee3f144,Registration Clerk
e9525884-9736-44e1-901f-bf7f6244c205,Lab
41dd08ff-83d0-400a-a53b-0893b4430e68,Nurse
cf230e94-eb20-4f6c-8668-264024cc498c,Clinician
6c2c6929-4c4a-462d-a2ae-88a805c53af0,Data Assistant
ea36a656-8097-4974-a966-a41a8aea8e77,Pharmacist
d63f70f2-3714-4e74-8209-557197fd8c14,Clinician
aa93c27f-ec41-4bb9-b082-b2b3547ac317,Nurse
a4d9e30d-8c41-4f4e-a98b-23cc889ee189,Nurse
17c903ab-d584-42c2-86d3-3f992edee800,Pharmacist
ae54fc41-8d59-44a3-91d1-6ef506d82f11,Nurse
8f34d4c4-e82a-4455-8981-0adc902f9df5,Pharmacist
98294f09-e2a6-4150-9d07-f8895d6962e5,Data Assistant
2fd4f8e3-fdc9-49ef-9905-bd19026a3661,Superuser
5876df0a-365b-4a56-9777-f3dfb3e1a846,Nurse
9bbcefb1-b7e0-4571-adf1-55ebc1fbbae5,Nurse
f4a2d1a9-69b5-4a36-9646-e24f5f58bf03,Pharmacist
a3bd1f53-1491-4245-b10f-43620c4d146a,Pharmacist
df010fb0-568c-4c9e-a909-23bd51d4241f,Pharmacist
05b930d3-0034-4b61-9802-0f75fb97c306,Pharmacist
357850f2-a001-43fe-b700-f2222759d835,Nurse
4b3a8c6f-cb4e-48e4-9061-3549cee79f5a,Nurse
f2897944-5686-4333-bbbc-2f9a7d1e5783,Clinician
1471bcce-966a-48e6-9565-c825a5cde639,Lab
f008fe7f-c1c3-4e86-b7e8-0eae22875c23,Registration Clerk
45791ddd-3064-4a9c-9112-0f48dc541665,Clinician
a89851fd-660a-4b6a-ab96-32ef225a9e3c,Nurse
4c415f87-484f-4d3e-a7fc-3178193fa6ff,Clinician
4c415f87-484f-4d3e-a7fc-3178193fa6ff,Medical Assistant
b7aa8ee3-56a6-491f-ab53-c3e0e3fbd424,Lab
8acadc3b-cb9c-44ef-9916-c4945f5d892d,General Registration Clerk
8acadc3b-cb9c-44ef-9916-c4945f5d892d,Registration Clerk
e94089c0-d540-4be1-ac93-934863d58009,Nurse
beb9521f-6b58-40ee-82e3-5ad0b58ca843,Medical Assistant
57a6ec2a-e512-4fb2-a8ff-d0ca9a77c726,Clinician
1adbcf16-1b03-44c0-802f-7772170ccbe8,General Registration Clerk
1adbcf16-1b03-44c0-802f-7772170ccbe8,Registration Clerk
7d03dbf1-e83e-4a6b-b8e0-8a32f5e3131a,Lab
1e76fd4a-429e-4927-88bb-ae86ac675267,General Registration Clerk
1e76fd4a-429e-4927-88bb-ae86ac675267,Registration Clerk
e6381e02-1d46-4d34-a705-cc76d01bb919,Lab
913ce3e6-eb8a-42fe-84ef-d02b2e170388,Clinician
1187fca6-d320-450d-b4bb-81778e33e49c,Superuser
8314358b-589d-4316-8720-889410edc0a8,Superuser
88ee7d69-e5e3-44bf-9a3a-05b2e59a1089,Superuser
593e507e-ee49-4ac2-a4ce-c334787cc9cc,Superuser
14635358-a5b5-4044-aad1-dafc921019d1,Clinician
359d33ec-c354-41f4-acb0-04fe6e4ad47a,Pharmacist
029643b0-2e5a-47bf-b531-82ea3c1eae48,Registration Clerk
499d3315-3cbf-4d19-bf1e-2e204a029008,Vitals Clerk
37467178-4756-4d50-8a47-8ac261571f7c,Clinician
d811c1c6-c118-47e8-82ac-eb7fd8fe8f03,Nurse
46c98803-056d-43ea-bc8e-447b7c13e1ac,Clinician
23b6ed96-52c7-4a89-9e3e-4400e6a61d19,Clinician
82f9f280-2eb1-461c-a835-a159adcfe0cc,Clinician
d8cd64c2-0494-42cd-afb3-e8e884cd1372,Clinician
ae076d36-fc3a-4006-ae97-c641b794834a,Clinician
64e1b22c-a6fd-49fd-abba-9d585562e5e1,Pharmacist
b57c990d-30b7-470b-b4d3-91bc4c13a0d1,Pharmacist
9911b829-219f-48a8-9260-3aacd9b0edb6,Pharmacist
76e70963-f375-4d5d-be12-6cd1e3f6a781,Pharmacist
865c5b31-e765-405c-8d87-7a6b6e435866,General Registration Clerk
865c5b31-e765-405c-8d87-7a6b6e435866,Registration Clerk
3aeef64d-50e5-42d0-8a4b-a72700fcb274,Lab
c6ca3510-2022-41fd-9bc5-9f6864705820,Lab
b310e704-d308-446d-b0ac-eeb64fb6e6cd,General Registration Clerk
b310e704-d308-446d-b0ac-eeb64fb6e6cd,Registration Clerk
b29dbd39-79a4-4bf0-b972-2f45a1df3fff,Nurse
0f3a0890-33a3-4763-9ba4-6b38ed0bc6b9,Nurse
bf183685-0fed-472a-af98-960e8e126370,Nurse
3a1db33b-8901-497b-9f2b-50d2405d5f55,General Registration Clerk
3a1db33b-8901-497b-9f2b-50d2405d5f55,Registration Clerk
c2ff8989-fd9a-447d-abb2-77e8d65ab3de,Lab
5ff5e70e-6852-402d-8b63-0498507c54e2,Clinician
71f6c59e-faac-4241-bee6-ea1f36a14909,Nurse
a7e39226-304a-4150-9f47-a5e72934316b,Nurse
f6d3b411-a7ec-478a-9527-1f48afe6a141,Lab
62099b49-92ab-4e3a-a32a-a5b978252659,Nurse
21c6eeca-da6b-44c5-8e82-849cd6c4cf37,Nurse
0532b5a5-66f6-4ca6-839e-69d6bf95324f,Clinician
fc9d7379-eeb6-41d9-8aa6-970d12b42734,Clinician
8da92e24-b64c-4670-8813-c79f61d3094c,Lab
49a70421-4d71-494f-bfb9-1a2eb98b7e99,Nurse
eb989e9e-b9a8-4483-aae3-9f599dde6fce,Superuser
df303e50-c20b-4402-9044-d1221116609c,Superuser
d4d99a81-ad58-4505-9217-98371cef8cfc,Clinician
d4d99a81-ad58-4505-9217-98371cef8cfc,Superuser
d22a1980-f5f0-48d0-bebc-f6c58b3ce90c,Clinician
d22a1980-f5f0-48d0-bebc-f6c58b3ce90c,Superuser
af382edd-bc95-4fde-9f0b-61b916b6c3f6,Clinician
af382edd-bc95-4fde-9f0b-61b916b6c3f6,Superuser
0509ba28-5723-4328-b43c-9dfc3b3b64ae,Clinician
0509ba28-5723-4328-b43c-9dfc3b3b64ae,Superuser
6879695d-98ec-43a7-bcbd-890489c7cf2f,Clinician
6879695d-98ec-43a7-bcbd-890489c7cf2f,General Registration Clerk
6879695d-98ec-43a7-bcbd-890489c7cf2f,Superuser
6879695d-98ec-43a7-bcbd-890489c7cf2f,"Superuser,Superuser,"
6879695d-98ec-43a7-bcbd-890489c7cf2f,System Developer
c2a342d2-7ea2-40c2-bce3-9e84432c98ad,General Registration Clerk
ada2e394-4f6f-449b-b56f-bf583d0d0040,Nurse
3af39649-00d9-4f1d-b316-dad76c8bfa2c,Clinician
280888cf-2ef7-4653-b91a-920285f6fd11,Superuser
79b37b0b-c3f9-4043-8ea6-61c93442547b,Clinician
79b37b0b-c3f9-4043-8ea6-61c93442547b,"Superuser,Superuser,"
fb1657c8-65d0-487a-bc73-963dcd0cfc71,Clinician
fb1657c8-65d0-487a-bc73-963dcd0cfc71,Doctor
fb1657c8-65d0-487a-bc73-963dcd0cfc71,General Registration Clerk
fb1657c8-65d0-487a-bc73-963dcd0cfc71,Nurse
b5d24e69-f988-4ae5-b7ac-154c4610b879,Superuser
4d87e89a-5bcf-44cf-bbae-768644e29c68,Superuser
c6d9ccc4-23f2-49b5-b0da-fca29fe79011,Superuser
196df6a4-7e4e-4ee0-924d-12a340849732,Superuser
1b99e590-7dc6-47e3-b14f-be4623ff0795,Superuser
8f4e64b1-9a93-4f78-a085-9e4f121495c8,Superuser
15a15072-8a56-43ff-9bb1-9af5d9317f29,Superuser
590a02b7-3661-4038-a943-1bc9f4be0949,Provider
3e1f54d6-ac7e-404f-8aa7-3d53f1804367,Superuser
a0d51505-51a9-434b-ab0d-2db1503717d6,Clinician
a0d51505-51a9-434b-ab0d-2db1503717d6,Lab
36883835-fd50-4fa4-9cac-ada776a93b7b,Superuser
41f4cba7-371f-4818-b77d-0a625104f232,Anonymous
41f4cba7-371f-4818-b77d-0a625104f232,Registration Clerk
c202105c-210b-4fb5-9e29-e8bb5e4178e2,Nurse
c1d7351a-f766-4e10-8411-2a62b941c4c9,Nurse
464c0cff-0190-44ba-a280-afc0368ac222,Clinician
464c0cff-0190-44ba-a280-afc0368ac222,Provider
464c0cff-0190-44ba-a280-afc0368ac222,Superuser
df15603f-54d0-41be-8613-a992170fcc70,Superuser
43feb986-13a6-475e-a038-ea9febc13513,Superuser
43feb986-13a6-475e-a038-ea9febc13513,Supervisor
a92accb9-7f88-47a5-9271-85c6269184dd,Provider
a92accb9-7f88-47a5-9271-85c6269184dd,Superuser
a92accb9-7f88-47a5-9271-85c6269184dd,"Superuser,Superuser,"
a92accb9-7f88-47a5-9271-85c6269184dd,System Developer
f06042a9-6083-4e60-946b-0c80a5a0f4bf,Superuser
f06042a9-6083-4e60-946b-0c80a5a0f4bf,"Superuser,Superuser,"
93af5875-60e9-4dad-8715-c1eaee6c694e,General Registration Clerk
93af5875-60e9-4dad-8715-c1eaee6c694e,Provider
74b37f28-b0ac-455b-9995-8dff78d88b2b,"Superuser,Superuser,"
ceec387e-2e43-4799-b720-fc6c8f07824f,Superuser
98463314-b750-44a2-b861-7b04b011c5c9,Clinician
98463314-b750-44a2-b861-7b04b011c5c9,Superuser
ce91933b-1e96-4fa8-892f-e24e57c442ac,Clinician
ce91933b-1e96-4fa8-892f-e24e57c442ac,Superuser
a85e9502-02bc-4f96-9375-0e77a8f87861,Clinician
a85e9502-02bc-4f96-9375-0e77a8f87861,Superuser
3bd6001e-d38f-4a33-a0f5-207bea98c9e1,Clinician
3bd6001e-d38f-4a33-a0f5-207bea98c9e1,Superuser
4309ecf7-ab6c-4eec-accd-5d2fc0d03059,Clinician
4309ecf7-ab6c-4eec-accd-5d2fc0d03059,Superuser
4309ecf7-ab6c-4eec-accd-5d2fc0d03059,Supervisor
858a7480-2f26-4691-9ea5-6f6a30ba833f,Provider
858a7480-2f26-4691-9ea5-6f6a30ba833f,Superuser
858a7480-2f26-4691-9ea5-6f6a30ba833f,System Developer
eeaa0501-e421-48d2-8549-02352af5de97,Superuser
d5592c81-5f9b-4f35-ada1-123c9cfcda75,Provider
d5592c81-5f9b-4f35-ada1-123c9cfcda75,Superuser
72709390-8102-4057-98ea-6d17b1c09cf0,Superuser
72709390-8102-4057-98ea-6d17b1c09cf0,"Superuser,Superuser,"
11ef2abe-8bb0-4619-a213-b644d4b2e717,Superuser
969805f6-09a5-43ae-851f-5b470b758fc7,Nurse
969805f6-09a5-43ae-851f-5b470b758fc7,Provider
969805f6-09a5-43ae-851f-5b470b758fc7,Superuser
969805f6-09a5-43ae-851f-5b470b758fc7,"Superuser,Superuser,"
3cfdd2e1-c9bb-45fa-8c21-04fb44ef60f2,Superuser
b6163aae-1a4a-4182-96cc-1e7884a4d63f,Clinician
d9241f58-e4c8-4ff9-8a65-70842da6f4c4,Superuser
77d85401-d47d-4fa3-a93f-12836c6cce1d,Superuser
761956b2-7c4e-49c9-a0c1-b0c972c74c24,Superuser
30f8d250-e5e8-4011-8d0f-4733ba3619f4,Superuser
104049a9-cd54-4163-99c2-0c1383ca78bb,Data Manager
1ffc53a5-d390-4c61-8160-0b357a1cffc7,Superuser
944d6e26-9319-409e-abce-d1db15ebc561,Superuser
3f8ccab8-901e-4ae8-a496-30742672dfe7,Superuser
d1d521eb-b88a-4e52-8415-3e6dc06c43e5,Superuser
5491dde5-9afb-412c-ae24-b5371156e1bd,Superuser
04ed4c18-c203-402e-88ac-a65755eaf29f,Clinician
04ed4c18-c203-402e-88ac-a65755eaf29f,Nurse
04ed4c18-c203-402e-88ac-a65755eaf29f,Provider
04ed4c18-c203-402e-88ac-a65755eaf29f,Superuser
0d33dc3b-b9f1-433e-b653-50a9f58f502e,Provider
0d33dc3b-b9f1-433e-b653-50a9f58f502e,Superuser
a470f603-f3da-4288-a291-f4b1093d0f2f,Data Manager
a470f603-f3da-4288-a291-f4b1093d0f2f,Superuser
5fba40b6-8404-46dc-8fe9-06904181ba5b,Provider
5fba40b6-8404-46dc-8fe9-06904181ba5b,Superuser
803bff51-0716-4ac9-9afa-3818faa8217e,Superuser
f6cf9d58-491f-4841-a6ea-d7f33959971e,Superuser
33f74738-2dee-4944-aedc-6421d6ed0480,Superuser
3ba72489-55a3-4b79-b1d2-4b4f06c56b26,Superuser
10faf455-520a-4f53-bc27-006aa40b1ac1,Superuser
7a0ea044-c3d7-4173-a9a2-aea3e4ef186b,Provider
7a0ea044-c3d7-4173-a9a2-aea3e4ef186b,Superuser
40d60f56-235e-4c06-bd52-f0f0dcf130f9,Superuser
e1fa8db2-948d-46d2-9185-08e56b9e356a,Superuser
23d11c5c-c90e-4e61-9ec4-005d91e0be15,Informatics Manager
4aa66c51-a221-4ea0-b494-243d5e7c6a2b,Superuser
c736ebc9-cad3-49ac-ae33-238534070b38,Superuser
fd6471d3-4eeb-4c7e-826a-f80a8e75fc6a,Superuser
f250c1f3-0f2e-477a-9245-cb2cfb9141f0,Superuser
becdb7fb-5c5a-4453-9535-ee6f54ef903d,Superuser
7631a2f4-ddf3-463c-9356-30109a985fa5,Superuser
f56059f4-b4cd-4cb2-aa9c-8765d9871368,Superuser
84f70a72-4cd5-4d05-8b92-153e0e6c66bc,Clinician
a3c9f49b-eabd-4a87-af24-bee4e204d772,Clinician
1bd28809-902f-4865-8d41-336e2acba807,Clinician
7aaf617a-f212-4d45-ac97-c74bb758d393,Data Manager
7aaf617a-f212-4d45-ac97-c74bb758d393,Superuser
b90bd3b0-b598-42a7-af21-3bd7aae4b255,"Superuser,Superuser,"
9834f21a-8696-4ce5-986b-8d8805bb364d,Health Surveillance
f83f758b-a845-4bcd-b855-dc793603ca1a,Health Surveillance
74ca25da-bf1e-4361-beeb-85e5b8852400,Health Surveillance
b503a597-5578-4be0-80e3-c77955cf938d,Superuser
baa6f90a-be8d-4f6e-b487-6f969c862de0,General Registration Clerk
baa6f90a-be8d-4f6e-b487-6f969c862de0,Superuser
baa6f90a-be8d-4f6e-b487-6f969c862de0,Supervisor
2a2fcc38-2a3e-408d-b5af-7eb6dbc2335c,Superuser
93b9659e-04a7-4f92-bc1f-a74022197045,Superuser
fd5297cf-b145-4b31-b910-897754893cfc,Superuser
e5422543-1ad3-4b23-aee7-6908c58d5bc9,Provider
e5422543-1ad3-4b23-aee7-6908c58d5bc9,Superuser
5fcabbe2-ee4c-47c3-a4d4-1aab2d14ef75,Nurse
fb85f6c6-df9a-4382-b9b6-063b947e82ee,Superuser
35ccc5fc-4a72-49a0-a583-da29ee41989b,Clinician
c61705be-9bb8-4143-9537-2542c4b109be,Data Manager
c61705be-9bb8-4143-9537-2542c4b109be,Superuser
c61705be-9bb8-4143-9537-2542c4b109be,"Superuser,Superuser,"
c61705be-9bb8-4143-9537-2542c4b109be,System Developer
0c86b7a9-4f6f-4985-a105-d83742ac9fde,Registration Clerk
2562b099-d28f-4041-ac29-eaf7e0bacd43,Nurse
6d0a607a-8d71-46ed-81da-17051e1e35fa,Clinician
7cd4535f-287a-4562-9a8e-6fec433c4842,Nurse
374a3f37-a2dd-414f-afeb-5eff4e7a17b2,General Registration Clerk
374a3f37-a2dd-414f-afeb-5eff4e7a17b2,Registration Clerk
39e47cb9-4b15-4eb4-9d0d-05fba3200c33,Clinician
a406a5e0-5481-46c5-bb42-cd87dc6a27c1,Clinician
123805a1-aea3-44df-8f1b-1592ef1b3af5,Clinician
a9b0c70d-fc61-4425-a9a8-0a27cc63e6e8,Clinician
dda9a651-af88-4193-b4b6-66e06c68cd69,Nurse
df600bee-c09b-4982-ac96-aacf1e422632,Clinician
656b0473-a26a-4ae6-8eb5-dde8a56dc605,Clinician
64d818d4-6ace-4285-b2c2-37d3b8cc794f,Clinician
0481c233-a828-4c35-b76a-cf14cfb1be07,Clinician
0481c233-a828-4c35-b76a-cf14cfb1be07,Superuser
3ba7eac3-3a6a-498e-ae4e-4487b42132ef,Clinician
724f3083-8e1b-4ded-bbba-f99199ffcfc2,Clinician
724f3083-8e1b-4ded-bbba-f99199ffcfc2,Superuser
e430dbcc-e167-4b12-b837-7644e41ef7b8,Clinician
24d44602-b3ff-439d-b0b2-5d0b5ce9fb6d,Clinician
24d44602-b3ff-439d-b0b2-5d0b5ce9fb6d,Superuser
55fa9a53-00ad-498d-9a3d-b2eafc464f9f,Clinician
c12be787-f731-4099-85fc-6a9683b8de73,Clinician
d4d5c6f2-f56c-4222-b1cd-7b8b10a40890,Clinician
ca3f8e88-05f7-4204-bc36-4de83b21218a,Clinician
ca3f8e88-05f7-4204-bc36-4de83b21218a,Doctor
ca3f8e88-05f7-4204-bc36-4de83b21218a,Nurse
ca3f8e88-05f7-4204-bc36-4de83b21218a,Superuser
15cec8c6-cdc8-4153-aa08-576829aba143,Registration Clerk
15cec8c6-cdc8-4153-aa08-576829aba143,Superuser
98a2bf11-e59e-497e-98cf-8b0287195137,Data Assistant
98a2bf11-e59e-497e-98cf-8b0287195137,Superuser
a9c4963f-69f4-4e13-89ec-868e982aa555,Superuser
90e4b143-287b-46f6-81ba-670dff9339d9,Superuser
8ef47961-0fed-47a8-9022-2a323de04264,Superuser
8ef47961-0fed-47a8-9022-2a323de04264,Supervisor
023ac035-a52a-4600-aa5e-da5bd56c78bd,Counselor
9d47b18b-7d9e-4ec3-8fcc-2de3cce363a9,Clinician
ab86356a-86d9-43a9-95e0-f2ddb9792421,Superuser
fa601dbe-c0a9-44dd-85c9-db55e802f96a,Clinician
fa601dbe-c0a9-44dd-85c9-db55e802f96a,Superuser
1abcc260-92a9-4f87-adf2-b1261887e49b,Superuser
9190b0cc-fe5f-490c-b877-826157399085,Superuser
4ac15e86-c827-41a9-8612-b95307652263,Nurse
602d5d3d-e511-46bf-a935-e1b0d1d4c575,Superuser
7906aa0e-bbc8-43d5-aad7-bff1666a824a,Superuser
95f33fe9-a65d-4b71-ae2a-816ddcb733c3,Clinician
95f33fe9-a65d-4b71-ae2a-816ddcb733c3,Superuser
6669b2a6-91c3-4017-9700-fed15534b323,Registration Clerk
ffc05777-142b-46fe-a551-e2383fdebf4a,Data Assistant
ffc05777-142b-46fe-a551-e2383fdebf4a,Data Manager
6f696510-47fd-4b45-9d65-f705c89f83dc,Superuser
f3e01a27-8381-4387-8385-d38c81bad6e6,Adults
f3e01a27-8381-4387-8385-d38c81bad6e6,Clinician
ec344f7c-a669-4333-8189-d0de73689512,Data Manager
7bfe3c21-ead7-4f85-9980-d29821745b36,Superuser
3f3e9f32-bfe1-4a8f-a822-e853aa29b4bc,Superuser
acb9939f-a8fa-4ff4-bab6-5a8bdde2cb0d,Data Assistant
fabe0f0e-318d-4deb-baf9-d710a38bb28d,Superuser
00901932-7004-48c9-9331-5fa595ef263c,Clinician
807d588b-ad2b-49da-905b-f2819eabfc64,Superuser
93b8fc4d-73a0-4b76-a16c-c5b1e235ad5e,Data Manager
93b8fc4d-73a0-4b76-a16c-c5b1e235ad5e,Superuser
bcc71071-c6a5-491c-a6c4-3b9e12d7d613,Clinician
43afeb50-d4a0-4670-be71-a1e67df3ea1e,Clinician
43afeb50-d4a0-4670-be71-a1e67df3ea1e,Superuser
eb1fa2d9-3888-4ff9-973f-f55fe945e3ae,Clinician
c042cdd4-d9eb-4dbd-bfa5-d5a009ce9c31,Clinician
c042cdd4-d9eb-4dbd-bfa5-d5a009ce9c31,Nurse
c042cdd4-d9eb-4dbd-bfa5-d5a009ce9c31,"Superuser,Superuser,"
f9f31077-2e62-49d6-9da9-e82f501a564c,Clinician
c7e35204-1790-4a63-ac02-63a8e3c30ec6,Pharmacist
e05f7008-4bf7-48b5-8b0c-0023363b8548,HMIS lab order
e05f7008-4bf7-48b5-8b0c-0023363b8548,Lab
e0b64242-7c96-4524-b9b8-ce2c085b7200,Data Manager
e0b64242-7c96-4524-b9b8-ce2c085b7200,Superuser
e0b64242-7c96-4524-b9b8-ce2c085b7200,"Superuser,Superuser,"
a45916a7-455a-4615-8c27-e97bd3e04797,Clinician
d4d03b32-672e-45c1-9b89-341260b9e9f5,Clinician
0940c0c4-0b47-4966-8f21-7ea98d18f153,Clinician
85598d70-dfe2-4a44-9c9e-63e9ecf47282,Clinician
c5e096ee-e432-4741-8e2f-9c9f6648ca60,General Registration Clerk
c5e096ee-e432-4741-8e2f-9c9f6648ca60,Registration Clerk
7550683a-5239-40d2-82d5-c41f9e367ab1,Lab
a081fee5-7610-461b-8cc9-a999e5e25b97,General Registration Clerk
a081fee5-7610-461b-8cc9-a999e5e25b97,Registration Clerk
34e455ba-189c-4fbe-962e-7ca646c62acf,Nurse
e751ff99-47c9-455c-bbec-12918477c3d8,Pharmacist
111e0495-19c7-42c3-ad5f-4e055feb2494,Clinician
0cc9f713-72f8-4073-bdd2-4274beb9e555,HMIS lab order
0cc9f713-72f8-4073-bdd2-4274beb9e555,Lab
1a8ab9a3-283a-42c2-8969-1f56982da340,Superuser
0101995c-fa85-4ecb-b82c-e53d99f2533c,Superuser
7fc971ef-a3cf-46b3-9796-1caacb8ccb24,Data Manager
6d657dcd-0f38-41a9-a90b-c5712218463b,Clinician
efe6861b-16d8-45a4-bc20-3a24449ef7d3,Nurse
d8061ce8-54c6-4e75-bfeb-ce4a200c2027,Nurse
d70e43be-bd61-42fe-84a5-793ad70ccadc,Nurse
7c675bdf-7865-4d60-b6c2-7966a1a1f50f,Provider
1e7eff3d-2f4d-4456-a14c-c57abc30fc9e,Provider
dd818ede-e281-405c-be4e-1eda1d135eef,Data Assistant
3fee2788-bc6d-46a5-99a9-d97bb9b17949,Provider
96d390dc-72ac-4d92-9fb8-b437e3589958,Superuser
0ec16c4c-af3d-43ed-a019-e815185da5c0,Nurse
bc682135-8c67-42e5-95b9-4c557a1a0d3f,Superuser
8b531eb4-5ab0-4d89-9a29-9d2207890831,Informatics Manager
823f7608-7ad5-40c8-a72c-4450d2e2c730,Program Manager
a0bb93db-a3f4-43c9-a5c0-c9082f4d1c95,Provider
42233c9d-a598-4f9f-97e9-021b45173be3,Informatics Manager
42233c9d-a598-4f9f-97e9-021b45173be3,Superuser
68c1012c-f4ca-4f94-b90f-591da7b7aa3f,Clinician
505b4135-d9db-4513-98df-a5c3883a59ff,Superuser
049c368d-ca1e-42a7-bf94-053ddafd2ded,Superuser
a87a06ec-4cc9-4973-93c6-7e988d71350f,Clinician
cb1dc01a-54ab-4ea6-b8a4-8bc9a445cf6a,Superuser
502856ca-236e-4b80-ba0d-05e101693075,Superuser
ec4cbbfd-30cc-48b3-bec2-5bde333b16b3,Superuser
d43746eb-0586-4389-8d35-dcdecd7a8366,Clinician
f87b5a17-6dad-4fe7-a30a-4c2d318ff702,Superuser
6bf116fb-4d6e-4aae-a243-0caec4d6f77b,Superuser
f5e28077-742e-44c8-842a-e0177e429ada,Superuser
051409fb-4424-489c-9f0b-65074ee96229,Superuser
5c873841-5bde-4576-81d1-cdda1178efa0,Superuser
10fa2b5f-d073-473d-b4ec-2349e169bbca,Superuser
fe655586-b8c4-47c6-be29-267322036c5e,Superuser
c60b1f3b-037a-42df-bfa7-b9e3c112527d,Authenticated
d4bea6f8-5195-4a8b-87d8-c40d0e39fb0d,Superuser
21e4ac3d-84e5-45bf-8cae-633f619f3e68,Superuser
a1930f46-0622-4ee0-8b10-148a5b074c4f,Nurse
d31841a2-559f-499b-b70c-e58dbade006e,Superuser
51bd5363-b150-4834-b26c-39ca885c09a2,Superuser
f09d151e-74aa-47bc-bf1b-0aa0fdf9d72d,Clinician
4b173604-25eb-488f-841d-8355f5715552,Clinician
4b173604-25eb-488f-841d-8355f5715552,Lab
4b173604-25eb-488f-841d-8355f5715552,Superuser
26881678-3f2c-43bb-bcc5-2f23944ce7e5,Health Surveillance
7a4fa9d0-2930-46fc-9256-624814e255e5,Lab
80703d35-70e8-476b-b905-7f2454bda38c,Clinician
80703d35-70e8-476b-b905-7f2454bda38c,"Superuser,Superuser,"
962755f7-1227-4864-a249-684d7e6e1e31,Data Assistant
962755f7-1227-4864-a249-684d7e6e1e31,Nurse
962755f7-1227-4864-a249-684d7e6e1e31,Superuser
962755f7-1227-4864-a249-684d7e6e1e31,"Superuser,Superuser,"
10b71404-d766-485f-9168-d218cbbdbc61,Clinician
f54a4fdd-0a1b-4b50-b8c2-ae403a24c6f4,Clinician
f54a4fdd-0a1b-4b50-b8c2-ae403a24c6f4,Superuser
e46d7848-a8a4-4157-8f4c-76ff36b1b9c0,Clinician
e46d7848-a8a4-4157-8f4c-76ff36b1b9c0,"Superuser,Superuser,"
3010a313-5bb9-4249-a3fe-e2e4045d0a17,Lab
3e4fb9bc-918d-4b3a-ba77-3561768254ed,Superuser
3e4fb9bc-918d-4b3a-ba77-3561768254ed,"Superuser,Superuser,"
eb4d17d4-f8ce-4f20-b913-24f9a3c4429f,Clinician
eb4d17d4-f8ce-4f20-b913-24f9a3c4429f,Superuser
65453f9a-b33e-4962-9fb5-402b45d32da1,Clinician
e3cb668d-f6a8-4c0e-832c-8de946519705,Clinician
df9c4acf-f9aa-46d3-8604-b81ccf7456b7,Clinician
75a5f581-5337-4d11-81f3-45012f192566,Clinician
75a5f581-5337-4d11-81f3-45012f192566,HSA
75a5f581-5337-4d11-81f3-45012f192566,Lab
75a5f581-5337-4d11-81f3-45012f192566,Nurse
75a5f581-5337-4d11-81f3-45012f192566,Pharmacist
75a5f581-5337-4d11-81f3-45012f192566,Registration Clerk
75a5f581-5337-4d11-81f3-45012f192566,Vitals Clerk
d7dccf25-a6f9-4b9c-b82b-486e08fd6edc,Clinician
924c2ea1-7cdc-42dc-a787-ca07a5b0422e,Clinician
924c2ea1-7cdc-42dc-a787-ca07a5b0422e,Nurse
924c2ea1-7cdc-42dc-a787-ca07a5b0422e,Vitals Clerk
0aec424e-7b8b-4c1b-97c7-c8d76677b135,Clinician
a0aafcbc-61f6-4818-beac-bb2d34b5fb31,Clinician
cc9fa6bb-4c98-4d0a-84f4-5e332760c45b,Clinician
cc9fa6bb-4c98-4d0a-84f4-5e332760c45b,Lab
cc9fa6bb-4c98-4d0a-84f4-5e332760c45b,Nurse
cc9fa6bb-4c98-4d0a-84f4-5e332760c45b,Paediatrics
cc9fa6bb-4c98-4d0a-84f4-5e332760c45b,Vitals Clerk
f3fb06ef-8edc-4564-bc93-89b84d5640d0,Clinician
8d91658e-8c5d-43bf-bcaf-da586e0c868e,Clinician
673b5499-3c2d-4fd6-8c70-2c346a6d8d33,Clinician
673b5499-3c2d-4fd6-8c70-2c346a6d8d33,Lab
673b5499-3c2d-4fd6-8c70-2c346a6d8d33,Nurse
673b5499-3c2d-4fd6-8c70-2c346a6d8d33,Vitals Clerk
cf1f769d-716a-46ef-adc0-399f9c1932a2,Clinician
89d6e3c8-58d4-4a9f-bad4-ae2162398704,Nurse
6463a9f9-1c2d-451d-9bad-abd376833a62,Nurse
d2112b7f-b3f5-4e48-9eca-ae12a19328b4,Clinician
d62b0f59-e123-45e7-8f5e-56b333de3614,Counselor
1605a5de-7878-47ac-9f03-f5bb2b09636b,Lab
e92c3f17-b9f4-473d-9a95-3bc6c1d523f2,Clinician
e92c3f17-b9f4-473d-9a95-3bc6c1d523f2,Nurse
e92c3f17-b9f4-473d-9a95-3bc6c1d523f2,"Superuser,Superuser,"
2e0996e9-4d4d-4145-94e4-b2ada9cfcdfe,Clinician
591b5744-185f-430b-885c-3722223c43d9,Clinician
e6251084-cb84-4950-8775-a6bfaf403cd0,General Registration Clerk
e6251084-cb84-4950-8775-a6bfaf403cd0,Registration Clerk
27c06212-b967-413d-80d6-0a0d5ebd6552,Clinician
d6af283b-53f6-4b69-980e-5a6be3592f26,Registration Clerk
b58ad295-d379-4f88-99f9-32fd3a2bc01a,Clinician
6884bdeb-3846-445e-a59c-4e021b0bca63,Pharmacist
af45089a-53bd-4adb-a541-a3cf10ca0f95,Pharmacist
bd59fbcf-36c1-4979-9288-13b8dc399b75,Lab
1b2cc0b9-1eff-48f8-8c3e-77304719fef0,Lab
903379d8-afad-49a2-a5a9-5155404cb7c9,Clinician
fa532579-af31-4a62-964c-e5d0eac9aca6,Clinician
da8458a6-b2c2-4e38-9ce5-95154920ce14,Clinician
da8458a6-b2c2-4e38-9ce5-95154920ce14,Superuser
da8458a6-b2c2-4e38-9ce5-95154920ce14,"Superuser,Superuser,"
6857a791-2ada-40b6-a409-5d9839b4791f,Superuser
6857a791-2ada-40b6-a409-5d9839b4791f,"Superuser,Superuser,"
573e0ab3-9b08-45a8-8296-ccb8fee1c9af,Medical Assistant
573e0ab3-9b08-45a8-8296-ccb8fee1c9af,Nurse
573e0ab3-9b08-45a8-8296-ccb8fee1c9af,Superuser
1ad65576-fbbc-4bdf-8b1c-8e33c8a2ec1d,Superuser
e014d376-9f64-4131-abab-541f2508b4dc,Clinician
e014d376-9f64-4131-abab-541f2508b4dc,Health Surveillance
e014d376-9f64-4131-abab-541f2508b4dc,Superuser
75029f14-fe54-45d4-a4e5-2b9c01626364,Clinician
75029f14-fe54-45d4-a4e5-2b9c01626364,Health Surveillance
87f5dd6f-cc5d-49aa-b966-8c981fc95365,Clinician
87f5dd6f-cc5d-49aa-b966-8c981fc95365,Health Surveillance
87f5dd6f-cc5d-49aa-b966-8c981fc95365,Superuser
736daaba-4320-46ca-9076-4ad7b3aeb50e,Clinician
736daaba-4320-46ca-9076-4ad7b3aeb50e,Data Assistant
736daaba-4320-46ca-9076-4ad7b3aeb50e,Data Element Contributor
736daaba-4320-46ca-9076-4ad7b3aeb50e,Data Manager
736daaba-4320-46ca-9076-4ad7b3aeb50e,Health Surveillance
736daaba-4320-46ca-9076-4ad7b3aeb50e,HSA
736daaba-4320-46ca-9076-4ad7b3aeb50e,Informatics Manager
09d1108e-3b5c-4cf1-8803-1ad6c9150ed1,Clinician
09d1108e-3b5c-4cf1-8803-1ad6c9150ed1,Superuser
9a95f4bc-afcd-4e49-8daf-0cf804e3273b,Anonymous
9a95f4bc-afcd-4e49-8daf-0cf804e3273b,Clinician
62b82a93-de15-4262-a0bd-d7897dfca5a0,Clinician
9a02703e-31ff-43be-aa00-10f1299ec187,General Registration Clerk
7c44696b-92a3-4e53-a1bd-094354935fe6,Nurse
10f9d592-1055-4f6d-ae94-9deddec1529c,Registration Clerk
38894932-685b-4016-aa5c-294cf3da6651,Lab
2ef27c01-48ef-4871-91f4-9953864cd82e,Clinician
879ec631-2620-4d7c-919d-5d83118b9f60,Clinician
5cfe9fb8-f4d6-418b-916a-d5f93306aec1,Clinician
00933a0f-a56e-4a67-af7d-732de7ba8327,Registration Clerk
0fd6acac-77bb-4dd0-b571-28a39715612f,Nurse
61396ec6-bada-4c7d-881f-52cc0750214c,Pharmacist
a1976b08-e9cb-413e-8cc3-11f16e7d7109,Clinician
309acc78-d557-4a8e-9f50-49d39bbd588a,Clinician
175391d6-955f-44ae-8d61-ad6359d7a193,Clinician
a16867c1-34dc-4a8e-a1fc-1f52d680bfcb,Clinician
da40075e-3585-4fb7-bca4-6b2e7e41f946,Clinician
2c269a02-e639-4aca-ac71-1db199e79ec7,Lab
2c269a02-e639-4aca-ac71-1db199e79ec7,Superuser
2c269a02-e639-4aca-ac71-1db199e79ec7,"Superuser,Superuser,"
2c269a02-e639-4aca-ac71-1db199e79ec7,Supervisor
be5f8800-b315-43b1-90ce-59a44c4a33c9,Nurse
ddb041f2-0c96-4900-a3ac-50a214b97080,Clinician
98d67c5d-5d5b-4360-ad10-c42581a825ec,Registration Clerk
db0a6345-c510-48d3-b4b2-a7a15f9966ea,Clinician
fe6c82e3-b144-4b8c-8222-3cb741d2d204,Registration Clerk
26385f9d-b0d7-4900-b275-d7df883c3421,Pharmacist
a2335f9f-68d2-4003-80f3-97c72f729159,Nurse
5b058923-d40e-4297-830f-378e291deec7,Clinician
7936f0f9-631c-4fb2-84bb-9ee54ac90fb5,Clinician
2592bd86-e622-4ebc-9b88-6a825a6e5fb4,Lab
cba4c095-4bca-44d5-a589-523d54df9458,Clinician
cba4c095-4bca-44d5-a589-523d54df9458,General Registration Clerk
cba4c095-4bca-44d5-a589-523d54df9458,Nurse
cba4c095-4bca-44d5-a589-523d54df9458,Registration Clerk
cba4c095-4bca-44d5-a589-523d54df9458,Superuser
cba4c095-4bca-44d5-a589-523d54df9458,System Developer
cba4c095-4bca-44d5-a589-523d54df9458,Vitals Clerk
4304325f-a672-4e3b-b1c6-4f4dc4e7989c,Clinician
ad22d105-ddef-4f30-a16e-5ce1684e86b1,Clinician
6a101b00-d24c-4212-8e53-953b57c43e8b,Clinician
11299924-f936-4621-977e-dd8f8c7f32ed,Clinician
a72e0d33-1839-4777-bb42-7612c3f9b044,Clinician
7a839f27-22b4-45ae-ae76-4b863ee6295f,Clinician
6a8bae84-78ca-42db-b30e-44d0eab9b0d9,Clinician
6a8bae84-78ca-42db-b30e-44d0eab9b0d9,Superuser
6a8bae84-78ca-42db-b30e-44d0eab9b0d9,System Developer
6eff0146-9ea5-4178-aab2-5ec41df29f96,Superuser
2481eb1e-c8fa-470d-a1ce-1c38efb3cec4,Superuser
b7c12def-33d5-4eb0-b4bc-354ae66c6371,Superuser
ebc840d2-70fd-464d-aa3b-0ac14a5e805c,Superuser
23e61361-0eb7-40de-8868-165146db3972,Superuser
e44fb535-de8a-420b-8917-62a7b804d2ad,Superuser
69e45e7f-0ee3-43e4-a68f-cafd86abbca0,Superuser
f8ae5709-3a83-48ec-9f40-1f3f4e91b4f7,Superuser
9fd7a005-47a6-434b-aa6e-76dc39e9ae0e,Superuser
319b2da3-775b-44ff-b40e-f43f0b66c2b3,Superuser
4016bdb8-92b6-4863-b959-f0130522c775,Superuser
c6c3b98e-5614-45b0-995e-ad7b858adf88,Accompagnateur
c6c3b98e-5614-45b0-995e-ad7b858adf88,Accompagnateur Leader
c6c3b98e-5614-45b0-995e-ad7b858adf88,Anonymous
c6c3b98e-5614-45b0-995e-ad7b858adf88,Authenticated
c6c3b98e-5614-45b0-995e-ad7b858adf88,Clinician
c6c3b98e-5614-45b0-995e-ad7b858adf88,Counselor
c6c3b98e-5614-45b0-995e-ad7b858adf88,Data Assistant
c6c3b98e-5614-45b0-995e-ad7b858adf88,Data Element Contributor
c6c3b98e-5614-45b0-995e-ad7b858adf88,Data Manager
c6c3b98e-5614-45b0-995e-ad7b858adf88,Doctor
c6c3b98e-5614-45b0-995e-ad7b858adf88,General Registration Clerk
c6c3b98e-5614-45b0-995e-ad7b858adf88,Health Surveillance
c6c3b98e-5614-45b0-995e-ad7b858adf88,HMIS lab order
c6c3b98e-5614-45b0-995e-ad7b858adf88,HSA
c6c3b98e-5614-45b0-995e-ad7b858adf88,Informatics Manager
c6c3b98e-5614-45b0-995e-ad7b858adf88,Lab
c6c3b98e-5614-45b0-995e-ad7b858adf88,Medical Assistant
c6c3b98e-5614-45b0-995e-ad7b858adf88,Nurse
c6c3b98e-5614-45b0-995e-ad7b858adf88,Paediatrics
c6c3b98e-5614-45b0-995e-ad7b858adf88,Pharmacist
c6c3b98e-5614-45b0-995e-ad7b858adf88,Program Manager
c6c3b98e-5614-45b0-995e-ad7b858adf88,Provider
c6c3b98e-5614-45b0-995e-ad7b858adf88,Registration Clerk
c6c3b98e-5614-45b0-995e-ad7b858adf88,Social Worker
c6c3b98e-5614-45b0-995e-ad7b858adf88,SPINE clinician
c6c3b98e-5614-45b0-995e-ad7b858adf88,Superuser
c6c3b98e-5614-45b0-995e-ad7b858adf88,Supervisor
c6c3b98e-5614-45b0-995e-ad7b858adf88,System Developer
c6c3b98e-5614-45b0-995e-ad7b858adf88,Therapeutic Feeding Clerk
c6c3b98e-5614-45b0-995e-ad7b858adf88,Vitals Clerk
bf6a590d-6b0f-41c3-a1b0-fb0b1eb42760,Clinician
88ec86d5-3178-4ae0-8e87-b5edee34f77f,District Superuser
88ec86d5-3178-4ae0-8e87-b5edee34f77f,Superuser
37468bef-9979-4ecf-90d7-cbed993a52bb,District Superuser
37468bef-9979-4ecf-90d7-cbed993a52bb,Superuser
0d93a65a-3d76-4e4b-8b86-910a98888bd6,District Superuser
0d93a65a-3d76-4e4b-8b86-910a98888bd6,Superuser
1a410c99-a4c9-4eca-84ca-ca3c34085955,District Superuser
1a410c99-a4c9-4eca-84ca-ca3c34085955,Superuser
3d5d5120-d6e4-493e-ae3d-0b059241f4f9,District Superuser
3d5d5120-d6e4-493e-ae3d-0b059241f4f9,Superuser
03da21d5-eb1a-41df-b784-a1432f1cde73,Superuser
3d3ceec4-dec9-4472-bf0e-dd25fdf279ba,District Superuser
3d3ceec4-dec9-4472-bf0e-dd25fdf279ba,Superuser
6aa6d953-8603-46a6-813d-f1620846142d,District Superuser
6aa6d953-8603-46a6-813d-f1620846142d,Superuser
5d9279be-2bcf-447a-ae20-36e63b8b5182,District Superuser
5d9279be-2bcf-447a-ae20-36e63b8b5182,Superuser
756405a1-b47b-4161-8fc5-fd4fa5c5def9,District Superuser
756405a1-b47b-4161-8fc5-fd4fa5c5def9,Superuser
11f2b499-a49b-401d-98cc-3c1f1258d0a7,District Superuser
11f2b499-a49b-401d-98cc-3c1f1258d0a7,Superuser
cd55fb45-2b6c-43b6-a2b0-1e36f39ddc08,Superuser
146bb8a7-8cb0-4781-9afa-79137666b824,Superuser
030c0188-ed53-4616-87aa-b26ae1390d40,District Superuser
030c0188-ed53-4616-87aa-b26ae1390d40,Superuser
15610032-e999-4abb-bd25-a6a8917e68c9,District Superuser
15610032-e999-4abb-bd25-a6a8917e68c9,Superuser
5e9b08ba-6834-4431-af97-47fc237b8e63,Superuser
2634d981-6b1d-4b2c-b0a8-d12da2c684cc,District Superuser
2634d981-6b1d-4b2c-b0a8-d12da2c684cc,Superuser
234571cf-3d92-4c17-a9f3-3758487e2c59,District Superuser
234571cf-3d92-4c17-a9f3-3758487e2c59,Superuser
928e5c13-d534-4693-a6ca-f9e33ca5c7c7,District Superuser
928e5c13-d534-4693-a6ca-f9e33ca5c7c7,Superuser
51adb8e3-1582-4545-801f-ab2e5660c1df,District Superuser
51adb8e3-1582-4545-801f-ab2e5660c1df,Superuser
49e28e9c-340d-4b48-81b1-66a9cd4f918f,District Superuser
49e28e9c-340d-4b48-81b1-66a9cd4f918f,Superuser
3e6d090e-d197-4d07-ac89-b0685d935aff,District Superuser
3e6d090e-d197-4d07-ac89-b0685d935aff,Superuser
61823ae1-7e7d-4a61-8294-6418942872d3,District Superuser
61823ae1-7e7d-4a61-8294-6418942872d3,Superuser
4d93f8a5-6f48-49f1-a014-1a8e160f1a88,District Superuser
4d93f8a5-6f48-49f1-a014-1a8e160f1a88,Superuser
4bb5ef08-1b89-4985-a23e-9d5c2b85ea96,District Superuser
4bb5ef08-1b89-4985-a23e-9d5c2b85ea96,Superuser
56018ad9-177a-4988-83ac-1a7d02263e67,District Superuser
56018ad9-177a-4988-83ac-1a7d02263e67,Superuser
a751b2f9-6a34-49bf-8016-f06772ba147c,Superuser
a751b2f9-6a34-49bf-8016-f06772ba147c,"Superuser,Superuser,"
e826f911-f0d3-4ef6-bd93-b2311e92767e,Clinician
